st,Configure,1518088321,591060
et,Configure,1518088321,599057
et,Configure,1518088321,601698
st,Start,1518088323,602245
et,Start,1518088323,608330
et,Start,1518088323,609090
st,Pause,1518088325,609262
et,Pause,1518088325,609866
et,Pause,1518088325,620183
st,Resume,1518088327,620305
et,Resume,1518088327,629879
et,Resume,1518088327,639952
st,Stop,1518088328,640140
et,Stop,1518088328,734895
et,Stop,1518088328,750187
st,Unconfigure,1518088330,750357
et,Unconfigure,1518088330,758761
et,Unconfigure,1518088330,763353
st,Configure,1518088333,766567
et,Configure,1518088333,771068
et,Configure,1518088333,774913
st,Start,1518088335,775063
et,Start,1518088335,779320
et,Start,1518088335,783345
st,Pause,1518088337,783589
et,Pause,1518088337,784090
et,Pause,1518088337,794320
st,Resume,1518088339,794466
et,Resume,1518088339,795254
et,Resume,1518088339,805396
st,Stop,1518088340,805542
et,Stop,1518088340,909088
et,Stop,1518088340,924455
st,Unconfigure,1518088342,924676
et,Unconfigure,1518088342,933637
et,Unconfigure,1518088342,938313
st,Configure,1518088345,941319
et,Configure,1518088345,948981
et,Configure,1518088345,953050
st,Start,1518088347,953219
et,Start,1518088347,958712
et,Start,1518088347,962753
st,Pause,1518088349,963045
et,Pause,1518088349,963734
et,Pause,1518088349,973991
st,Resume,1518088351,974176
et,Resume,1518088351,984088
et,Resume,1518088351,994232
st,Stop,1518088352,994365
et,Stop,1518088353,88620
et,Stop,1518088353,104001
st,Unconfigure,1518088355,104188
et,Unconfigure,1518088355,112891
et,Unconfigure,1518088355,117312
st,Configure,1518088358,120277
et,Configure,1518088358,126663
et,Configure,1518088358,130338
st,Start,1518088360,130478
et,Start,1518088360,135538
et,Start,1518088360,139185
st,Pause,1518088362,139305
et,Pause,1518088362,140028
et,Pause,1518088362,150290
st,Resume,1518088364,150498
et,Resume,1518088364,159968
et,Resume,1518088364,170121
st,Stop,1518088365,170289
et,Stop,1518088365,264900
et,Stop,1518088365,280345
st,Unconfigure,1518088367,280561
et,Unconfigure,1518088367,289684
et,Unconfigure,1518088367,294455
st,Configure,1518088370,297287
et,Configure,1518088370,303636
et,Configure,1518088370,307998
st,Start,1518088372,308200
et,Start,1518088372,314883
et,Start,1518088372,317811
st,Pause,1518088374,317991
et,Pause,1518088374,319079
et,Pause,1518088374,329290
st,Resume,1518088376,329432
et,Resume,1518088376,338705
et,Resume,1518088376,348819
st,Stop,1518088377,349013
et,Stop,1518088377,444196
et,Stop,1518088377,459540
st,Unconfigure,1518088379,459717
et,Unconfigure,1518088379,468780
et,Unconfigure,1518088379,474612
st,Configure,1518088382,477574
et,Configure,1518088382,483790
et,Configure,1518088382,492640
st,Start,1518088384,492760
et,Start,1518088384,502111
et,Start,1518088384,512440
st,Pause,1518088386,512577
et,Pause,1518088386,513067
et,Pause,1518088386,523229
st,Resume,1518088388,523444
et,Resume,1518088388,523879
et,Resume,1518088388,534024
st,Stop,1518088389,534227
et,Stop,1518088389,638029
et,Stop,1518088389,653314
st,Unconfigure,1518088391,653524
et,Unconfigure,1518088391,661510
et,Unconfigure,1518088391,666301
st,Configure,1518088394,668441
et,Configure,1518088394,674380
et,Configure,1518088394,678659
st,Start,1518088396,678875
et,Start,1518088396,683945
et,Start,1518088396,687403
st,Pause,1518088398,687540
et,Pause,1518088398,688360
et,Pause,1518088398,698681
st,Resume,1518088400,698850
et,Resume,1518088400,699336
et,Resume,1518088400,709477
st,Stop,1518088401,709706
et,Stop,1518088401,813304
et,Stop,1518088401,828578
st,Unconfigure,1518088403,828746
et,Unconfigure,1518088403,837384
et,Unconfigure,1518088403,842350
st,Configure,1518088406,844098
et,Configure,1518088406,849928
et,Configure,1518088406,854341
st,Start,1518088408,854583
et,Start,1518088408,858762
et,Start,1518088408,863275
st,Pause,1518088410,863444
et,Pause,1518088410,864098
et,Pause,1518088410,874402
st,Resume,1518088412,874557
et,Resume,1518088412,876188
et,Resume,1518088412,886264
st,Stop,1518088413,886450
et,Stop,1518088413,989067
et,Stop,1518088414,4348
st,Unconfigure,1518088416,4513
et,Unconfigure,1518088416,12844
et,Unconfigure,1518088416,17462
st,Configure,1518088419,20397
et,Configure,1518088419,25672
et,Configure,1518088419,31505
st,Start,1518088421,31695
et,Start,1518088421,34209
et,Start,1518088421,40055
st,Pause,1518088423,40205
et,Pause,1518088423,40945
et,Pause,1518088423,46709
st,Resume,1518088425,47244
et,Resume,1518088425,55479
et,Resume,1518088425,59747
st,Stop,1518088426,59928
et,Stop,1518088426,165778
et,Stop,1518088426,181201
st,Unconfigure,1518088428,181407
et,Unconfigure,1518088428,189083
et,Unconfigure,1518088428,193881
st,Configure,1518088431,196020
et,Configure,1518088431,201791
et,Configure,1518088431,206217
st,Start,1518088433,206371
et,Start,1518088433,210766
et,Start,1518088433,214955
st,Pause,1518088435,215174
et,Pause,1518088435,215598
et,Pause,1518088435,225816
st,Resume,1518088437,225938
et,Resume,1518088437,234744
et,Resume,1518088437,244859
st,Stop,1518088438,245067
et,Stop,1518088438,340563
et,Stop,1518088438,355768
st,Unconfigure,1518088440,355982
et,Unconfigure,1518088440,364382
et,Unconfigure,1518088440,368712
st,Configure,1518088443,371450
et,Configure,1518088443,377673
et,Configure,1518088443,380929
st,Start,1518088445,381178
et,Start,1518088445,386020
et,Start,1518088445,389120
st,Pause,1518088447,389337
et,Pause,1518088447,390095
et,Pause,1518088447,400357
st,Resume,1518088449,400521
et,Resume,1518088449,409797
et,Resume,1518088449,419928
st,Stop,1518088450,420052
et,Stop,1518088450,515039
et,Stop,1518088450,530378
st,Unconfigure,1518088452,530509
et,Unconfigure,1518088452,538556
et,Unconfigure,1518088452,543320
st,Configure,1518088455,545469
et,Configure,1518088455,551435
et,Configure,1518088455,555689
st,Start,1518088457,555843
et,Start,1518088457,559832
et,Start,1518088457,564567
st,Pause,1518088459,564782
et,Pause,1518088459,565389
et,Pause,1518088459,575771
st,Resume,1518088461,575992
et,Resume,1518088461,584104
et,Resume,1518088461,593744
st,Stop,1518088462,593903
et,Stop,1518088462,690319
et,Stop,1518088462,705736
st,Unconfigure,1518088464,705964
et,Unconfigure,1518088464,715618
et,Unconfigure,1518088464,719010
st,Configure,1518088467,721280
et,Configure,1518088467,728318
et,Configure,1518088467,731471
st,Start,1518088469,731710
et,Start,1518088469,737143
et,Start,1518088469,739905
st,Pause,1518088471,740048
et,Pause,1518088471,740913
et,Pause,1518088471,751123
st,Resume,1518088473,751285
et,Resume,1518088473,759495
et,Resume,1518088473,769451
st,Stop,1518088474,769652
et,Stop,1518088474,865773
et,Stop,1518088474,881108
st,Unconfigure,1518088476,881310
et,Unconfigure,1518088476,889613
et,Unconfigure,1518088476,894043
st,Configure,1518088479,896474
et,Configure,1518088479,902513
et,Configure,1518088479,907219
st,Start,1518088481,907373
et,Start,1518088481,910793
et,Start,1518088481,915672
st,Pause,1518088483,915793
et,Pause,1518088483,916450
et,Pause,1518088483,926670
st,Resume,1518088485,926878
et,Resume,1518088485,928510
et,Resume,1518088485,938670
st,Stop,1518088486,938905
et,Stop,1518088487,41381
et,Stop,1518088487,56722
st,Unconfigure,1518088489,56896
et,Unconfigure,1518088489,65625
et,Unconfigure,1518088489,69378
st,Configure,1518088492,71481
et,Configure,1518088492,78683
et,Configure,1518088492,84350
st,Start,1518088494,84699
et,Start,1518088494,87146
et,Start,1518088494,92812
st,Pause,1518088496,92971
et,Pause,1518088496,93637
et,Pause,1518088496,103892
st,Resume,1518088498,104072
et,Resume,1518088498,113227
et,Resume,1518088498,123373
st,Stop,1518088499,123515
et,Stop,1518088499,218461
et,Stop,1518088499,233845
st,Unconfigure,1518088501,234004
et,Unconfigure,1518088501,242641
et,Unconfigure,1518088501,247516
st,Configure,1518088504,250652
et,Configure,1518088504,255935
et,Configure,1518088504,264517
st,Start,1518088506,264695
et,Start,1518088506,274022
et,Start,1518088506,283483
st,Pause,1518088508,283694
et,Pause,1518088508,284384
et,Pause,1518088508,294643
st,Resume,1518088510,294803
et,Resume,1518088510,304381
et,Resume,1518088510,314441
st,Stop,1518088511,314635
et,Stop,1518088511,409226
et,Stop,1518088511,424491
st,Unconfigure,1518088513,424716
et,Unconfigure,1518088513,432928
et,Unconfigure,1518088513,437639
st,Configure,1518088516,440680
et,Configure,1518088516,445928
et,Configure,1518088516,450553
st,Start,1518088518,450695
et,Start,1518088518,454645
et,Start,1518088518,459574
st,Pause,1518088520,459694
et,Pause,1518088520,460389
et,Pause,1518088520,470641
st,Resume,1518088522,470822
et,Resume,1518088522,480561
et,Resume,1518088522,490660
st,Stop,1518088523,490835
et,Stop,1518088523,585300
et,Stop,1518088523,600681
st,Unconfigure,1518088525,600831
et,Unconfigure,1518088525,609586
et,Unconfigure,1518088525,614081
st,Configure,1518088528,617157
et,Configure,1518088528,622660
et,Configure,1518088528,626203
st,Start,1518088530,626357
et,Start,1518088530,631617
et,Start,1518088530,635076
st,Pause,1518088532,635201
et,Pause,1518088532,636093
et,Pause,1518088532,646334
st,Resume,1518088534,646557
et,Resume,1518088534,655691
et,Resume,1518088534,665825
st,Stop,1518088535,666061
et,Stop,1518088535,761026
et,Stop,1518088535,776291
st,Unconfigure,1518088537,776513
et,Unconfigure,1518088537,784493
et,Unconfigure,1518088537,789468
st,Configure,1518088540,792733
et,Configure,1518088540,797446
et,Configure,1518088540,801990
st,Start,1518088542,802139
et,Start,1518088542,806073
et,Start,1518088542,810226
st,Pause,1518088544,810371
et,Pause,1518088544,811103
et,Pause,1518088544,821262
st,Resume,1518088546,821442
et,Resume,1518088546,823560
et,Resume,1518088546,833680
st,Stop,1518088547,833846
et,Stop,1518088547,936008
et,Stop,1518088547,951336
st,Unconfigure,1518088549,951516
et,Unconfigure,1518088549,959941
et,Unconfigure,1518088549,964306
st,Configure,1518088552,966840
et,Configure,1518088552,973204
et,Configure,1518088552,977027
st,Start,1518088554,977148
et,Start,1518088554,981936
et,Start,1518088554,985444
st,Pause,1518088556,985576
et,Pause,1518088556,986349
et,Pause,1518088556,996677
st,Resume,1518088558,996798
et,Resume,1518088558,998266
et,Resume,1518088559,8332
st,Stop,1518088560,8523
et,Stop,1518088560,111250
et,Stop,1518088560,126489
st,Unconfigure,1518088562,126700
et,Unconfigure,1518088562,134967
et,Unconfigure,1518088562,140118
st,Configure,1518088565,143122
et,Configure,1518088565,147763
et,Configure,1518088565,152902
st,Start,1518088567,153184
et,Start,1518088567,156379
et,Start,1518088567,163119
st,Pause,1518088569,163442
et,Pause,1518088569,164103
et,Pause,1518088569,174345
st,Resume,1518088571,174555
et,Resume,1518088571,182992
et,Resume,1518088571,193126
st,Stop,1518088572,193322
et,Stop,1518088572,289028
et,Stop,1518088572,304389
st,Unconfigure,1518088574,304586
et,Unconfigure,1518088574,312769
et,Unconfigure,1518088574,317403
st,Configure,1518088577,319862
et,Configure,1518088577,325649
et,Configure,1518088577,330078
st,Start,1518088579,330216
et,Start,1518088579,334960
et,Start,1518088579,338598
st,Pause,1518088581,338836
et,Pause,1518088581,339453
et,Pause,1518088581,349717
st,Resume,1518088583,349883
et,Resume,1518088583,358560
et,Resume,1518088583,368600
st,Stop,1518088584,368772
et,Stop,1518088584,464343
et,Stop,1518088584,479623
st,Unconfigure,1518088586,479795
et,Unconfigure,1518088586,488852
et,Unconfigure,1518088586,493051
st,Configure,1518088589,496084
et,Configure,1518088589,501779
et,Configure,1518088589,505186
st,Start,1518088591,505381
et,Start,1518088591,510668
et,Start,1518088591,514053
st,Pause,1518088593,514247
et,Pause,1518088593,514843
et,Pause,1518088593,525128
st,Resume,1518088595,525254
et,Resume,1518088595,533494
et,Resume,1518088595,543580
st,Stop,1518088596,544708
et,Stop,1518088596,639823
et,Stop,1518088596,655025
st,Unconfigure,1518088598,655209
et,Unconfigure,1518088598,663199
et,Unconfigure,1518088598,668157
st,Configure,1518088601,670566
et,Configure,1518088601,676234
et,Configure,1518088601,680803
st,Start,1518088603,680955
et,Start,1518088603,684839
et,Start,1518088603,689276
st,Pause,1518088605,689443
et,Pause,1518088605,690295
et,Pause,1518088605,700564
st,Resume,1518088607,700701
et,Resume,1518088607,710532
et,Resume,1518088607,720623
st,Stop,1518088608,720796
et,Stop,1518088608,815182
et,Stop,1518088608,830500
st,Unconfigure,1518088610,830652
et,Unconfigure,1518088610,839244
et,Unconfigure,1518088610,843902
st,Configure,1518088613,847137
et,Configure,1518088613,852367
et,Configure,1518088613,856810
st,Start,1518088615,857013
et,Start,1518088615,860954
et,Start,1518088615,865495
st,Pause,1518088617,865728
et,Pause,1518088617,866848
et,Pause,1518088617,877199
st,Resume,1518088619,877376
et,Resume,1518088619,885742
et,Resume,1518088619,895789
st,Stop,1518088620,895938
et,Stop,1518088620,991820
et,Stop,1518088621,7200
st,Unconfigure,1518088623,7388
et,Unconfigure,1518088623,16164
et,Unconfigure,1518088623,20401
st,Configure,1518088626,23405
et,Configure,1518088626,29201
et,Configure,1518088626,34519
st,Start,1518088628,34874
et,Start,1518088628,37811
et,Start,1518088628,44109
st,Pause,1518088630,44309
et,Pause,1518088630,45179
et,Pause,1518088630,55473
st,Resume,1518088632,55689
et,Resume,1518088632,57387
et,Resume,1518088632,57651
st,Stop,1518088633,57830
et,Stop,1518088633,169875
et,Stop,1518088633,185297
st,Unconfigure,1518088635,185476
et,Unconfigure,1518088635,193428
et,Unconfigure,1518088635,198513
st,Configure,1518088638,201535
et,Configure,1518088638,206673
et,Configure,1518088638,211083
st,Start,1518088640,211300
et,Start,1518088640,215803
et,Start,1518088640,219608
st,Pause,1518088642,219854
et,Pause,1518088642,220583
et,Pause,1518088642,230921
st,Resume,1518088644,231060
et,Resume,1518088644,240304
et,Resume,1518088644,250414
st,Stop,1518088645,250799
et,Stop,1518088645,345619
et,Stop,1518088645,360974
st,Unconfigure,1518088647,361140
et,Unconfigure,1518088647,370098
et,Unconfigure,1518088647,374761
st,Configure,1518088650,377475
et,Configure,1518088650,382718
et,Configure,1518088650,387212
st,Start,1518088652,387385
et,Start,1518088652,391830
et,Start,1518088652,396009
st,Pause,1518088654,396179
et,Pause,1518088654,396814
et,Pause,1518088654,407090
st,Resume,1518088656,407216
et,Resume,1518088656,416475
et,Resume,1518088656,426582
st,Stop,1518088657,426796
et,Stop,1518088657,521773
et,Stop,1518088657,537074
st,Unconfigure,1518088659,537203
et,Unconfigure,1518088659,545678
et,Unconfigure,1518088659,550080
st,Configure,1518088662,553201
et,Configure,1518088662,558547
et,Configure,1518088662,562619
st,Start,1518088664,562821
et,Start,1518088664,567467
et,Start,1518088664,571256
st,Pause,1518088666,571505
et,Pause,1518088666,572138
et,Pause,1518088666,582588
st,Resume,1518088668,582697
et,Resume,1518088668,592949
et,Resume,1518088668,603034
st,Stop,1518088669,603231
et,Stop,1518088669,697069
et,Stop,1518088669,712411
st,Unconfigure,1518088671,712577
et,Unconfigure,1518088671,720965
et,Unconfigure,1518088671,725521
st,Configure,1518088674,728565
et,Configure,1518088674,734096
et,Configure,1518088674,738458
st,Start,1518088676,738587
et,Start,1518088676,742749
et,Start,1518088676,747462
st,Pause,1518088678,747720
et,Pause,1518088678,748298
et,Pause,1518088678,758570
st,Resume,1518088680,758787
et,Resume,1518088680,759227
et,Resume,1518088680,769378
st,Stop,1518088681,769569
et,Stop,1518088681,873222
et,Stop,1518088681,888649
st,Unconfigure,1518088683,888810
et,Unconfigure,1518088683,896894
et,Unconfigure,1518088683,902178
st,Configure,1518088686,904201
et,Configure,1518088686,909519
et,Configure,1518088686,914371
st,Start,1518088688,914560
et,Start,1518088688,918500
et,Start,1518088688,923983
st,Pause,1518088690,924202
et,Pause,1518088690,924682
et,Pause,1518088690,935039
st,Resume,1518088692,935195
et,Resume,1518088692,935581
et,Resume,1518088692,935912
st,Stop,1518088693,936094
et,Stop,1518088694,49636
et,Stop,1518088694,64978
st,Unconfigure,1518088696,65097
et,Unconfigure,1518088696,73438
et,Unconfigure,1518088696,78360
st,Configure,1518088699,81524
et,Configure,1518088699,86054
et,Configure,1518088699,90701
st,Start,1518088701,90910
et,Start,1518088701,94658
et,Start,1518088701,99504
st,Pause,1518088703,99694
et,Pause,1518088703,100285
et,Pause,1518088703,110565
st,Resume,1518088705,110718
et,Resume,1518088705,114183
et,Resume,1518088705,124297
st,Stop,1518088706,124496
et,Stop,1518088706,225230
et,Stop,1518088706,240581
st,Unconfigure,1518088708,240721
et,Unconfigure,1518088708,249026
et,Unconfigure,1518088708,253918
st,Configure,1518088711,256954
et,Configure,1518088711,262093
et,Configure,1518088711,266383
st,Start,1518088713,266552
et,Start,1518088713,271035
et,Start,1518088713,275470
st,Pause,1518088715,275727
et,Pause,1518088715,276355
et,Pause,1518088715,286661
st,Resume,1518088717,286860
et,Resume,1518088717,288106
et,Resume,1518088717,298271
st,Stop,1518088718,298436
et,Stop,1518088718,401165
et,Stop,1518088718,416526
st,Unconfigure,1518088720,416689
et,Unconfigure,1518088720,425600
et,Unconfigure,1518088720,429781
st,Configure,1518088723,431480
et,Configure,1518088723,439160
et,Configure,1518088723,442937
st,Start,1518088725,443197
et,Start,1518088725,448647
et,Start,1518088725,451822
st,Pause,1518088727,452001
et,Pause,1518088727,452561
et,Pause,1518088727,462782
st,Resume,1518088729,462919
et,Resume,1518088729,473235
et,Resume,1518088729,483367
st,Stop,1518088730,483546
et,Stop,1518088730,577533
et,Stop,1518088730,592802
st,Unconfigure,1518088732,592972
et,Unconfigure,1518088732,601460
et,Unconfigure,1518088732,606042
st,Configure,1518088735,608056
et,Configure,1518088735,614442
et,Configure,1518088735,618257
st,Start,1518088737,618434
et,Start,1518088737,623536
et,Start,1518088737,627166
st,Pause,1518088739,627397
et,Pause,1518088739,628047
et,Pause,1518088739,638300
st,Resume,1518088741,638430
et,Resume,1518088741,638918
et,Resume,1518088741,648830
st,Stop,1518088742,648988
et,Stop,1518088742,752863
et,Stop,1518088742,768217
st,Unconfigure,1518088744,768385
et,Unconfigure,1518088744,776887
et,Unconfigure,1518088744,781580
st,Configure,1518088747,784641
et,Configure,1518088747,795927
et,Configure,1518088747,806134
st,Start,1518088749,806338
et,Start,1518088749,815608
et,Start,1518088749,826038
st,Pause,1518088751,826192
et,Pause,1518088751,826903
et,Pause,1518088751,837217
st,Resume,1518088753,837414
et,Resume,1518088753,838145
et,Resume,1518088753,848255
st,Stop,1518088754,848402
et,Stop,1518088754,951850
et,Stop,1518088754,967132
st,Unconfigure,1518088756,967257
et,Unconfigure,1518088756,975863
et,Unconfigure,1518088756,980511
st,Configure,1518088759,983796
et,Configure,1518088759,988223
et,Configure,1518088759,992791
st,Start,1518088761,993010
et,Start,1518088761,996925
et,Start,1518088762,1547
st,Pause,1518088764,1676
et,Pause,1518088764,2341
et,Pause,1518088764,12652
st,Resume,1518088766,12818
et,Resume,1518088766,14349
et,Resume,1518088766,24529
st,Stop,1518088767,24760
et,Stop,1518088767,127230
et,Stop,1518088767,142592
st,Unconfigure,1518088769,142761
et,Unconfigure,1518088769,151680
et,Unconfigure,1518088769,155628
st,Configure,1518088772,158710
et,Configure,1518088772,164988
et,Configure,1518088772,168293
st,Start,1518088774,168432
et,Start,1518088774,173951
et,Start,1518088774,177108
st,Pause,1518088776,177302
et,Pause,1518088776,177979
et,Pause,1518088776,188280
st,Resume,1518088778,188401
et,Resume,1518088778,197171
et,Resume,1518088778,207295
st,Stop,1518088779,207523
et,Stop,1518088779,302835
et,Stop,1518088779,318183
st,Unconfigure,1518088781,318411
et,Unconfigure,1518088781,326490
et,Unconfigure,1518088781,331143
st,Configure,1518088784,334123
et,Configure,1518088784,339567
et,Configure,1518088784,343890
st,Start,1518088786,344019
et,Start,1518088786,351698
et,Start,1518088786,362025
st,Pause,1518088788,362148
et,Pause,1518088788,362956
et,Pause,1518088788,373255
st,Resume,1518088790,373381
et,Resume,1518088790,382508
et,Resume,1518088790,392633
st,Stop,1518088791,392790
et,Stop,1518088791,488050
et,Stop,1518088791,503318
st,Unconfigure,1518088793,503486
et,Unconfigure,1518088793,511637
et,Unconfigure,1518088793,520091
st,Configure,1518088796,523053
et,Configure,1518088796,530925
et,Configure,1518088796,532623
st,Start,1518088798,532808
et,Start,1518088798,541136
et,Start,1518088798,551527
st,Pause,1518088800,551709
et,Pause,1518088800,552414
et,Pause,1518088800,562627
st,Resume,1518088802,562770
et,Resume,1518088802,572958
et,Resume,1518088802,582627
st,Stop,1518088803,582790
et,Stop,1518088803,677329
et,Stop,1518088803,692726
st,Unconfigure,1518088805,692908
et,Unconfigure,1518088805,700937
et,Unconfigure,1518088805,705838
st,Configure,1518088808,708454
et,Configure,1518088808,715301
et,Configure,1518088808,718524
st,Start,1518088810,718687
et,Start,1518088810,723911
et,Start,1518088810,726953
st,Pause,1518088812,727112
et,Pause,1518088812,727878
et,Pause,1518088812,738146
st,Resume,1518088814,738263
et,Resume,1518088814,747807
et,Resume,1518088814,757890
st,Stop,1518088815,758087
et,Stop,1518088815,852849
et,Stop,1518088815,868219
st,Unconfigure,1518088817,868368
et,Unconfigure,1518088817,876478
et,Unconfigure,1518088817,881114
st,Configure,1518088820,884068
et,Configure,1518088820,889212
et,Configure,1518088820,893638
st,Start,1518088822,893794
et,Start,1518088822,897713
et,Start,1518088822,902052
st,Pause,1518088824,902223
et,Pause,1518088824,902768
et,Pause,1518088824,913056
st,Resume,1518088826,913201
et,Resume,1518088826,922076
et,Resume,1518088826,932177
st,Stop,1518088827,932285
et,Stop,1518088828,27682
et,Stop,1518088828,42916
st,Unconfigure,1518088830,43131
et,Unconfigure,1518088830,51572
et,Unconfigure,1518088830,56134
st,Configure,1518088833,58064
et,Configure,1518088833,64022
et,Configure,1518088833,68304
st,Start,1518088835,68444
et,Start,1518088835,72903
et,Start,1518088835,76744
st,Pause,1518088837,76923
et,Pause,1518088837,77573
et,Pause,1518088837,87882
st,Resume,1518088839,88092
et,Resume,1518088839,88411
et,Resume,1518088839,98548
st,Stop,1518088840,98717
et,Stop,1518088840,202475
et,Stop,1518088840,217844
st,Unconfigure,1518088842,218053
et,Unconfigure,1518088842,226478
et,Unconfigure,1518088842,230853
st,Configure,1518088845,233787
et,Configure,1518088845,239812
et,Configure,1518088845,243417
st,Start,1518088847,243582
et,Start,1518088847,248385
et,Start,1518088847,251711
st,Pause,1518088849,251917
et,Pause,1518088849,253298
et,Pause,1518088849,263632
st,Resume,1518088851,263975
et,Resume,1518088851,272995
et,Resume,1518088851,283162
st,Stop,1518088852,283365
et,Stop,1518088852,377595
et,Stop,1518088852,392808
st,Unconfigure,1518088854,393165
et,Unconfigure,1518088854,402832
et,Unconfigure,1518088854,406681
st,Configure,1518088857,409752
et,Configure,1518088857,415916
et,Configure,1518088857,418769
st,Start,1518088859,418874
et,Start,1518088859,424899
et,Start,1518088859,428451
st,Pause,1518088861,428629
et,Pause,1518088861,429450
et,Pause,1518088861,439688
st,Resume,1518088863,439859
et,Resume,1518088863,448537
et,Resume,1518088863,458637
st,Stop,1518088864,458762
et,Stop,1518088864,554492
et,Stop,1518088864,569814
st,Unconfigure,1518088866,570008
et,Unconfigure,1518088866,578287
et,Unconfigure,1518088866,583373
st,Configure,1518088869,585455
et,Configure,1518088869,591183
et,Configure,1518088869,596245
st,Start,1518088871,596369
et,Start,1518088871,600004
et,Start,1518088871,605125
st,Pause,1518088873,605268
et,Pause,1518088873,606004
et,Pause,1518088873,616281
st,Resume,1518088875,616448
et,Resume,1518088875,625810
et,Resume,1518088875,635941
st,Stop,1518088876,636108
et,Stop,1518088876,730902
et,Stop,1518088876,746252
st,Unconfigure,1518088878,746519
et,Unconfigure,1518088878,754089
et,Unconfigure,1518088878,758598
st,Configure,1518088881,761327
et,Configure,1518088881,767062
et,Configure,1518088881,771520
st,Start,1518088883,771654
et,Start,1518088883,776101
et,Start,1518088883,780218
st,Pause,1518088885,780450
et,Pause,1518088885,781151
et,Pause,1518088885,791389
st,Resume,1518088887,791668
et,Resume,1518088887,800045
et,Resume,1518088887,809873
st,Stop,1518088888,810103
et,Stop,1518088888,906021
et,Stop,1518088888,921262
st,Unconfigure,1518088890,921457
et,Unconfigure,1518088890,929877
et,Unconfigure,1518088890,935266
st,Configure,1518088893,938582
et,Configure,1518088893,942510
et,Configure,1518088893,948178
st,Start,1518088895,948396
et,Start,1518088895,952104
et,Start,1518088895,956978
st,Pause,1518088897,957160
et,Pause,1518088897,957759
et,Pause,1518088897,968034
st,Resume,1518088899,968177
et,Resume,1518088899,969494
et,Resume,1518088899,979592
st,Stop,1518088900,979770
et,Stop,1518088901,82547
et,Stop,1518088901,97945
st,Unconfigure,1518088903,98140
et,Unconfigure,1518088903,106457
et,Unconfigure,1518088903,111024
st,Configure,1518088906,114000
et,Configure,1518088906,119451
et,Configure,1518088906,128250
st,Start,1518088908,128438
et,Start,1518088908,137813
et,Start,1518088908,147097
st,Pause,1518088910,147311
et,Pause,1518088910,148026
et,Pause,1518088910,159160
st,Resume,1518088912,159321
et,Resume,1518088912,166890
et,Resume,1518088912,177012
st,Stop,1518088913,177175
et,Stop,1518088913,272811
et,Stop,1518088913,288196
st,Unconfigure,1518088915,288372
et,Unconfigure,1518088915,297083
et,Unconfigure,1518088915,302297
st,Configure,1518088918,305310
et,Configure,1518088918,310803
et,Configure,1518088918,315211
st,Start,1518088920,315334
et,Start,1518088920,319306
et,Start,1518088920,323809
st,Pause,1518088922,324160
et,Pause,1518088922,324549
et,Pause,1518088922,334837
st,Resume,1518088924,335036
et,Resume,1518088924,343953
et,Resume,1518088924,353911
st,Stop,1518088925,354094
et,Stop,1518088925,449407
et,Stop,1518088925,464846
st,Unconfigure,1518088927,464987
et,Unconfigure,1518088927,473623
et,Unconfigure,1518088927,478200
st,Configure,1518088930,481456
et,Configure,1518088930,486302
et,Configure,1518088930,490404
st,Start,1518088932,490565
et,Start,1518088932,494694
et,Start,1518088932,498613
st,Pause,1518088934,498841
et,Pause,1518088934,499524
et,Pause,1518088934,509791
st,Resume,1518088936,509895
et,Resume,1518088936,518891
et,Resume,1518088936,528995
st,Stop,1518088937,529205
et,Stop,1518088937,624347
et,Stop,1518088937,639592
st,Unconfigure,1518088939,639820
et,Unconfigure,1518088939,647866
et,Unconfigure,1518088939,652828
st,Configure,1518088942,655328
et,Configure,1518088942,660529
et,Configure,1518088942,665506
st,Start,1518088944,665687
et,Start,1518088944,669551
et,Start,1518088944,674339
st,Pause,1518088946,674511
et,Pause,1518088946,675269
et,Pause,1518088946,685569
st,Resume,1518088948,685794
et,Resume,1518088948,694375
et,Resume,1518088948,704607
st,Stop,1518088949,704780
et,Stop,1518088949,800139
et,Stop,1518088949,815488
st,Unconfigure,1518088951,815686
et,Unconfigure,1518088951,824317
et,Unconfigure,1518088951,828893
st,Configure,1518088954,831954
et,Configure,1518088954,837081
et,Configure,1518088954,841379
st,Start,1518088956,841526
et,Start,1518088956,846043
et,Start,1518088956,850041
st,Pause,1518088958,850203
et,Pause,1518088958,850966
et,Pause,1518088958,861297
st,Resume,1518088960,861466
et,Resume,1518088960,870858
et,Resume,1518088960,881855
st,Stop,1518088961,882955
et,Stop,1518088961,975924
et,Stop,1518088961,991397
st,Unconfigure,1518088963,991523
et,Unconfigure,1518088963,999531
et,Unconfigure,1518088964,4301
st,Configure,1518088967,6460
et,Configure,1518088967,12820
et,Configure,1518088967,16725
st,Start,1518088969,16903
et,Start,1518088969,21966
et,Start,1518088969,25388
st,Pause,1518088971,25593
et,Pause,1518088971,26217
et,Pause,1518088971,33897
st,Resume,1518088973,34092
et,Resume,1518088973,42835
et,Resume,1518088973,44416
st,Stop,1518088974,45394
et,Stop,1518088974,151167
et,Stop,1518088974,166524
st,Unconfigure,1518088976,166693
et,Unconfigure,1518088976,175378
et,Unconfigure,1518088976,180135
st,Configure,1518088979,183094
et,Configure,1518088979,188079
et,Configure,1518088979,192352
st,Start,1518088981,192501
et,Start,1518088981,196879
et,Start,1518088981,201078
st,Pause,1518088983,201362
et,Pause,1518088983,201985
et,Pause,1518088983,212317
st,Resume,1518088985,212464
et,Resume,1518088985,222067
et,Resume,1518088985,231996
st,Stop,1518088986,232130
et,Stop,1518088986,326914
et,Stop,1518088986,342275
st,Unconfigure,1518088988,342432
et,Unconfigure,1518088988,350746
et,Unconfigure,1518088988,356474
st,Configure,1518088991,359454
et,Configure,1518088991,363710
et,Configure,1518088991,369084
st,Start,1518088993,369231
et,Start,1518088993,372362
et,Start,1518088993,377819
st,Pause,1518088995,378086
et,Pause,1518088995,378706
et,Pause,1518088995,389023
st,Resume,1518088997,389165
et,Resume,1518088997,390354
et,Resume,1518088997,397596
st,Stop,1518088998,397783
et,Stop,1518088998,503563
et,Stop,1518088998,518921
st,Unconfigure,1518089000,519149
et,Unconfigure,1518089000,527466
et,Unconfigure,1518089000,532200
st,Configure,1518089003,534912
et,Configure,1518089003,540322
et,Configure,1518089003,545251
st,Start,1518089005,545505
et,Start,1518089005,548505
et,Start,1518089005,554266
st,Pause,1518089007,554537
et,Pause,1518089007,555071
et,Pause,1518089007,565526
st,Resume,1518089009,565666
et,Resume,1518089009,574241
et,Resume,1518089009,583748
st,Stop,1518089010,583872
et,Stop,1518089010,679940
et,Stop,1518089010,695484
st,Unconfigure,1518089012,695668
et,Unconfigure,1518089012,704463
et,Unconfigure,1518089012,708619
st,Configure,1518089015,712002
et,Configure,1518089015,716767
et,Configure,1518089015,722537
st,Start,1518089017,722684
et,Start,1518089017,725660
et,Start,1518089017,731127
st,Pause,1518089019,731266
et,Pause,1518089019,732048
et,Pause,1518089019,742329
st,Resume,1518089021,742449
et,Resume,1518089021,742692
et,Resume,1518089021,752863
st,Stop,1518089022,753041
et,Stop,1518089022,857006
et,Stop,1518089022,872304
st,Unconfigure,1518089024,872519
et,Unconfigure,1518089024,881193
et,Unconfigure,1518089024,886191
st,Configure,1518089027,889270
et,Configure,1518089027,894611
et,Configure,1518089027,899319
st,Start,1518089029,899475
et,Start,1518089029,904189
et,Start,1518089029,907848
st,Pause,1518089031,908051
et,Pause,1518089031,908902
et,Pause,1518089031,919219
st,Resume,1518089033,919345
et,Resume,1518089033,927662
et,Resume,1518089033,937789
st,Stop,1518089034,937947
et,Stop,1518089035,33715
et,Stop,1518089035,49128
st,Unconfigure,1518089037,49288
et,Unconfigure,1518089037,57743
et,Unconfigure,1518089037,62479
st,Configure,1518089040,65365
et,Configure,1518089040,70664
et,Configure,1518089040,74873
st,Start,1518089042,75038
et,Start,1518089042,79479
et,Start,1518089042,83796
st,Pause,1518089044,83954
et,Pause,1518089044,84573
et,Pause,1518089044,94817
st,Resume,1518089046,95074
et,Resume,1518089046,103387
et,Resume,1518089046,113395
st,Stop,1518089047,113559
et,Stop,1518089047,209528
et,Stop,1518089047,224896
st,Unconfigure,1518089049,225098
et,Unconfigure,1518089049,233332
et,Unconfigure,1518089049,238242
st,Configure,1518089052,241318
et,Configure,1518089052,246033
et,Configure,1518089052,250525
st,Start,1518089054,250652
et,Start,1518089054,254554
et,Start,1518089054,259556
st,Pause,1518089056,259748
et,Pause,1518089056,260300
et,Pause,1518089056,270531
st,Resume,1518089058,270687
et,Resume,1518089058,272804
et,Resume,1518089058,282909
st,Stop,1518089059,283049
et,Stop,1518089059,385222
et,Stop,1518089059,400472
st,Unconfigure,1518089061,400628
et,Unconfigure,1518089061,408806
et,Unconfigure,1518089061,413751
st,Configure,1518089064,416886
et,Configure,1518089064,421917
et,Configure,1518089064,426596
st,Start,1518089066,426783
et,Start,1518089066,430517
et,Start,1518089066,435664
st,Pause,1518089068,435810
et,Pause,1518089068,436638
et,Pause,1518089068,446968
st,Resume,1518089070,447141
et,Resume,1518089070,457255
et,Resume,1518089070,467356
st,Stop,1518089071,467535
et,Stop,1518089071,561480
et,Stop,1518089071,576870
st,Unconfigure,1518089073,577080
et,Unconfigure,1518089073,578122
et,Unconfigure,1518089073,580178
st,Configure,1518089076,583238
et,Configure,1518089076,591196
et,Configure,1518089076,592350
st,Start,1518089078,592570
et,Start,1518089078,602381
et,Start,1518089078,612691
st,Pause,1518089080,612854
et,Pause,1518089080,613635
et,Pause,1518089080,623856
st,Resume,1518089082,624007
et,Resume,1518089082,624984
et,Resume,1518089082,635109
st,Stop,1518089083,635269
et,Stop,1518089083,738554
et,Stop,1518089083,753943
st,Unconfigure,1518089085,754443
et,Unconfigure,1518089085,762489
et,Unconfigure,1518089085,767249
st,Configure,1518089088,770335
et,Configure,1518089088,778964
et,Configure,1518089088,783352
st,Start,1518089090,783505
et,Start,1518089090,787381
et,Start,1518089090,791567
st,Pause,1518089092,791677
et,Pause,1518089092,792399
et,Pause,1518089092,802723
st,Resume,1518089094,802870
et,Resume,1518089094,812343
et,Resume,1518089094,821105
st,Stop,1518089095,821272
et,Stop,1518089095,917391
et,Stop,1518089095,932655
st,Unconfigure,1518089097,932826
et,Unconfigure,1518089097,941189
et,Unconfigure,1518089097,946483
st,Configure,1518089100,949200
et,Configure,1518089100,954113
et,Configure,1518089100,959441
st,Start,1518089102,959622
et,Start,1518089102,965431
et,Start,1518089102,968667
st,Pause,1518089104,968800
et,Pause,1518089104,969515
et,Pause,1518089104,979784
st,Resume,1518089106,979938
et,Resume,1518089106,987787
et,Resume,1518089106,997646
st,Stop,1518089107,997766
et,Stop,1518089108,94600
et,Stop,1518089108,109874
st,Unconfigure,1518089110,110075
et,Unconfigure,1518089110,118294
et,Unconfigure,1518089110,123258
st,Configure,1518089113,126460
et,Configure,1518089113,131936
et,Configure,1518089113,136071
st,Start,1518089115,136244
et,Start,1518089115,140677
et,Start,1518089115,144615
st,Pause,1518089117,144834
et,Pause,1518089117,145465
et,Pause,1518089117,155737
st,Resume,1518089119,155907
et,Resume,1518089119,164787
et,Resume,1518089119,174884
st,Stop,1518089120,175098
et,Stop,1518089120,270458
et,Stop,1518089120,285922
st,Unconfigure,1518089122,286069
et,Unconfigure,1518089122,294407
et,Unconfigure,1518089122,298488
st,Configure,1518089125,301484
et,Configure,1518089125,308051
et,Configure,1518089125,312824
st,Start,1518089127,313140
et,Start,1518089127,316958
et,Start,1518089127,321833
st,Pause,1518089129,322037
et,Pause,1518089129,322668
et,Pause,1518089129,332970
st,Resume,1518089131,333187
et,Resume,1518089131,343554
et,Resume,1518089131,353616
st,Stop,1518089132,353740
et,Stop,1518089132,447534
et,Stop,1518089132,462852
st,Unconfigure,1518089134,463020
et,Unconfigure,1518089134,471705
et,Unconfigure,1518089134,476570
st,Configure,1518089137,479602
et,Configure,1518089137,484312
et,Configure,1518089137,488620
st,Start,1518089139,488885
et,Start,1518089139,492950
et,Start,1518089139,497323
st,Pause,1518089141,497556
et,Pause,1518089141,498122
et,Pause,1518089141,508361
st,Resume,1518089143,508508
et,Resume,1518089143,517544
et,Resume,1518089143,527581
st,Stop,1518089144,527749
et,Stop,1518089144,622973
et,Stop,1518089144,638376
st,Unconfigure,1518089146,638553
et,Unconfigure,1518089146,646726
et,Unconfigure,1518089146,651483
st,Configure,1518089149,654541
et,Configure,1518089149,659960
et,Configure,1518089149,663523
st,Start,1518089151,663662
et,Start,1518089151,668860
et,Start,1518089151,671835
st,Pause,1518089153,671996
et,Pause,1518089153,672731
et,Pause,1518089153,683065
st,Resume,1518089155,683183
et,Resume,1518089155,691920
et,Resume,1518089155,702035
st,Stop,1518089156,702184
et,Stop,1518089156,797547
et,Stop,1518089156,812782
st,Unconfigure,1518089158,812974
et,Unconfigure,1518089158,822688
et,Unconfigure,1518089158,826154
st,Configure,1518089161,827311
et,Configure,1518089161,837391
et,Configure,1518089161,847680
st,Start,1518089163,847846
et,Start,1518089163,857649
et,Start,1518089163,867269
st,Pause,1518089165,867390
et,Pause,1518089165,868197
et,Pause,1518089165,878416
st,Resume,1518089167,878557
et,Resume,1518089167,887387
et,Resume,1518089167,897172
st,Stop,1518089168,897320
et,Stop,1518089168,993215
et,Stop,1518089169,8583
st,Unconfigure,1518089171,8771
et,Unconfigure,1518089171,17333
et,Unconfigure,1518089171,22017
st,Configure,1518089174,25049
et,Configure,1518089174,35998
et,Configure,1518089174,46104
st,Start,1518089176,46676
et,Start,1518089176,56122
et,Start,1518089176,66629
st,Pause,1518089178,66825
et,Pause,1518089178,67541
et,Pause,1518089178,77851
st,Resume,1518089180,78013
et,Resume,1518089180,86515
et,Resume,1518089180,96668
st,Stop,1518089181,96870
et,Stop,1518089181,192394
et,Stop,1518089181,207724
st,Unconfigure,1518089183,207908
et,Unconfigure,1518089183,215940
et,Unconfigure,1518089183,221245
st,Configure,1518089186,224225
et,Configure,1518089186,229516
et,Configure,1518089186,233940
st,Start,1518089188,234141
et,Start,1518089188,238074
et,Start,1518089188,242553
st,Pause,1518089190,242675
et,Pause,1518089190,243556
et,Pause,1518089190,253874
st,Resume,1518089192,253998
et,Resume,1518089192,262765
et,Resume,1518089192,272464
st,Stop,1518089193,272681
et,Stop,1518089193,368383
et,Stop,1518089193,383547
st,Unconfigure,1518089195,383795
et,Unconfigure,1518089195,392232
et,Unconfigure,1518089195,397645
st,Configure,1518089198,400663
et,Configure,1518089198,405529
et,Configure,1518089198,411227
st,Start,1518089200,411446
et,Start,1518089200,414502
et,Start,1518089200,420151
st,Pause,1518089202,420273
et,Pause,1518089202,421071
et,Pause,1518089202,431281
st,Resume,1518089204,431432
et,Resume,1518089204,440672
et,Resume,1518089204,450805
st,Stop,1518089205,450931
et,Stop,1518089205,545944
et,Stop,1518089205,561262
st,Unconfigure,1518089207,561450
et,Unconfigure,1518089207,569850
et,Unconfigure,1518089207,574634
st,Configure,1518089210,576818
et,Configure,1518089210,583754
et,Configure,1518089210,587032
st,Start,1518089212,587186
et,Start,1518089212,592476
et,Start,1518089212,596078
st,Pause,1518089214,596260
et,Pause,1518089214,597038
et,Pause,1518089214,607234
st,Resume,1518089216,607447
et,Resume,1518089216,617656
et,Resume,1518089216,627616
st,Stop,1518089217,627730
et,Stop,1518089217,721687
et,Stop,1518089217,737008
st,Unconfigure,1518089219,737239
et,Unconfigure,1518089219,745949
et,Unconfigure,1518089219,750575
st,Configure,1518089222,752918
et,Configure,1518089222,759249
et,Configure,1518089222,763112
st,Start,1518089224,763254
et,Start,1518089224,768253
et,Start,1518089224,772382
st,Pause,1518089226,772524
et,Pause,1518089226,773129
et,Pause,1518089226,783482
st,Resume,1518089228,783679
et,Resume,1518089228,784905
et,Resume,1518089228,794953
st,Stop,1518089229,795135
et,Stop,1518089229,898046
et,Stop,1518089229,913390
st,Unconfigure,1518089231,913524
et,Unconfigure,1518089231,921768
et,Unconfigure,1518089231,927039
st,Configure,1518089234,929455
et,Configure,1518089234,934554
et,Configure,1518089234,939433
st,Start,1518089236,939572
et,Start,1518089236,943141
et,Start,1518089236,947920
st,Pause,1518089238,948068
et,Pause,1518089238,948768
et,Pause,1518089238,959080
st,Resume,1518089240,959203
et,Resume,1518089240,969099
et,Resume,1518089240,979251
st,Stop,1518089241,979455
et,Stop,1518089242,73618
et,Stop,1518089242,88921
st,Unconfigure,1518089244,89106
et,Unconfigure,1518089244,97947
et,Unconfigure,1518089244,103388
st,Configure,1518089247,106180
et,Configure,1518089247,111710
et,Configure,1518089247,116317
st,Start,1518089249,116540
et,Start,1518089249,120804
et,Start,1518089249,125357
st,Pause,1518089251,125541
et,Pause,1518089251,126222
et,Pause,1518089251,136411
st,Resume,1518089253,136538
et,Resume,1518089253,145738
et,Resume,1518089253,155809
st,Stop,1518089254,156085
et,Stop,1518089254,251148
et,Stop,1518089254,266485
st,Unconfigure,1518089256,266658
et,Unconfigure,1518089256,275340
et,Unconfigure,1518089256,279866
st,Configure,1518089259,282941
et,Configure,1518089259,289086
et,Configure,1518089259,297214
st,Start,1518089261,297354
et,Start,1518089261,307738
et,Start,1518089261,316585
st,Pause,1518089263,316788
et,Pause,1518089263,317355
et,Pause,1518089263,327669
st,Resume,1518089265,327798
et,Resume,1518089265,336828
et,Resume,1518089265,346961
st,Stop,1518089266,347156
et,Stop,1518089266,442221
et,Stop,1518089266,457551
st,Unconfigure,1518089268,457668
et,Unconfigure,1518089268,466503
et,Unconfigure,1518089268,470637
st,Configure,1518089271,473639
et,Configure,1518089271,479954
et,Configure,1518089271,483206
st,Start,1518089273,483356
et,Start,1518089273,488632
et,Start,1518089273,491716
st,Pause,1518089275,491943
et,Pause,1518089275,492620
et,Pause,1518089275,503241
st,Resume,1518089277,503435
et,Resume,1518089277,512318
et,Resume,1518089277,522467
st,Stop,1518089278,522678
et,Stop,1518089278,617418
et,Stop,1518089278,632777
st,Unconfigure,1518089280,632918
et,Unconfigure,1518089280,641483
et,Unconfigure,1518089280,646108
st,Configure,1518089283,649100
et,Configure,1518089283,656110
et,Configure,1518089283,659676
st,Start,1518089285,659832
et,Start,1518089285,665080
et,Start,1518089285,669126
st,Pause,1518089287,669266
et,Pause,1518089287,669930
et,Pause,1518089287,680216
st,Resume,1518089289,680400
et,Resume,1518089289,689160
et,Resume,1518089289,699296
st,Stop,1518089290,699544
et,Stop,1518089290,794787
et,Stop,1518089290,810072
st,Unconfigure,1518089292,810210
et,Unconfigure,1518089292,818639
et,Unconfigure,1518089292,823109
st,Configure,1518089295,826072
et,Configure,1518089295,831580
et,Configure,1518089295,835670
st,Start,1518089297,835860
et,Start,1518089297,839987
et,Start,1518089297,844380
st,Pause,1518089299,844582
et,Pause,1518089299,845208
et,Pause,1518089299,855456
st,Resume,1518089301,855561
et,Resume,1518089301,864459
et,Resume,1518089301,874339
st,Stop,1518089302,874472
et,Stop,1518089302,970165
et,Stop,1518089302,985436
st,Unconfigure,1518089304,985572
et,Unconfigure,1518089304,994194
et,Unconfigure,1518089304,998796
st,Configure,1518089308,1584
et,Configure,1518089308,7816
et,Configure,1518089308,11130
st,Start,1518089310,11331
et,Start,1518089310,16618
et,Start,1518089310,20041
st,Pause,1518089312,20224
et,Pause,1518089312,20852
et,Pause,1518089312,31153
st,Resume,1518089314,31317
et,Resume,1518089314,39670
et,Resume,1518089314,49905
st,Stop,1518089315,50114
et,Stop,1518089315,145739
et,Stop,1518089315,161027
st,Unconfigure,1518089317,161238
et,Unconfigure,1518089317,169971
et,Unconfigure,1518089317,174337
st,Configure,1518089320,177312
et,Configure,1518089320,182811
et,Configure,1518089320,186966
st,Start,1518089322,187201
et,Start,1518089322,192031
et,Start,1518089322,195674
st,Pause,1518089324,195807
et,Pause,1518089324,196619
et,Pause,1518089324,206916
st,Resume,1518089326,207011
et,Resume,1518089326,216673
et,Resume,1518089326,226847
st,Stop,1518089327,226978
et,Stop,1518089327,321474
et,Stop,1518089327,336872
st,Unconfigure,1518089329,337211
et,Unconfigure,1518089329,345345
et,Unconfigure,1518089329,349891
st,Configure,1518089332,352470
et,Configure,1518089332,358949
et,Configure,1518089332,362698
st,Start,1518089334,362812
et,Start,1518089334,367329
et,Start,1518089334,371051
st,Pause,1518089336,371224
et,Pause,1518089336,371868
et,Pause,1518089336,382117
st,Resume,1518089338,382265
et,Resume,1518089338,391893
et,Resume,1518089338,402078
st,Stop,1518089339,402283
et,Stop,1518089339,496860
et,Stop,1518089339,512122
st,Unconfigure,1518089341,512287
et,Unconfigure,1518089341,520876
et,Unconfigure,1518089341,525262
st,Configure,1518089344,528481
et,Configure,1518089344,533328
et,Configure,1518089344,537357
st,Start,1518089346,537582
et,Start,1518089346,542505
et,Start,1518089346,546713
st,Pause,1518089348,546889
et,Pause,1518089348,547589
et,Pause,1518089348,557939
st,Resume,1518089350,558125
et,Resume,1518089350,567295
et,Resume,1518089350,577400
st,Stop,1518089351,577541
et,Stop,1518089351,672326
et,Stop,1518089351,687722
st,Unconfigure,1518089353,687852
et,Unconfigure,1518089353,696027
et,Unconfigure,1518089353,700729
st,Configure,1518089356,703832
et,Configure,1518089356,708708
et,Configure,1518089356,713117
st,Start,1518089358,713321
et,Start,1518089358,717091
et,Start,1518089358,721566
st,Pause,1518089360,721706
et,Pause,1518089360,722459
et,Pause,1518089360,732716
st,Resume,1518089362,732834
et,Resume,1518089362,742394
et,Resume,1518089362,752495
st,Stop,1518089363,752670
et,Stop,1518089363,847338
et,Stop,1518089363,862630
st,Unconfigure,1518089365,862793
et,Unconfigure,1518089365,871481
et,Unconfigure,1518089365,876106
st,Configure,1518089368,879023
et,Configure,1518089368,884333
et,Configure,1518089368,888903
st,Start,1518089370,889117
et,Start,1518089370,893341
et,Start,1518089370,897734
st,Pause,1518089372,897971
et,Pause,1518089372,898649
et,Pause,1518089372,908931
st,Resume,1518089374,909094
et,Resume,1518089374,918509
et,Resume,1518089374,928210
st,Stop,1518089375,928324
et,Stop,1518089376,23469
et,Stop,1518089376,38812
st,Unconfigure,1518089378,38992
et,Unconfigure,1518089378,47867
et,Unconfigure,1518089378,52702
st,Configure,1518089381,55702
et,Configure,1518089381,60848
et,Configure,1518089381,65262
st,Start,1518089383,65438
et,Start,1518089383,69679
et,Start,1518089383,74025
st,Pause,1518089385,74432
et,Pause,1518089385,74944
et,Pause,1518089385,85207
st,Resume,1518089387,85344
et,Resume,1518089387,87769
et,Resume,1518089387,97923
st,Stop,1518089388,98076
et,Stop,1518089388,199824
et,Stop,1518089388,215133
st,Unconfigure,1518089390,215309
et,Unconfigure,1518089390,215992
et,Unconfigure,1518089390,218652
st,Configure,1518089393,221444
et,Configure,1518089393,229286
et,Configure,1518089393,231424
st,Start,1518089395,231558
et,Start,1518089395,238412
et,Start,1518089395,239572
st,Pause,1518089397,239801
et,Pause,1518089397,240456
et,Pause,1518089397,250657
st,Resume,1518089399,250786
et,Resume,1518089399,259537
et,Resume,1518089399,269623
st,Stop,1518089400,269765
et,Stop,1518089400,365477
et,Stop,1518089400,380828
st,Unconfigure,1518089402,380987
et,Unconfigure,1518089402,389826
et,Unconfigure,1518089402,394397
st,Configure,1518089405,396469
et,Configure,1518089405,402791
et,Configure,1518089405,406764
st,Start,1518089407,406897
et,Start,1518089407,411573
et,Start,1518089407,415890
st,Pause,1518089409,416140
et,Pause,1518089409,416796
et,Pause,1518089409,427002
st,Resume,1518089411,427162
et,Resume,1518089411,428963
et,Resume,1518089411,439112
st,Stop,1518089412,439266
et,Stop,1518089412,541571
et,Stop,1518089412,556889
st,Unconfigure,1518089414,557082
et,Unconfigure,1518089414,565813
et,Unconfigure,1518089414,570003
st,Configure,1518089417,573143
et,Configure,1518089417,578983
et,Configure,1518089417,583304
st,Start,1518089419,583439
et,Start,1518089419,587740
et,Start,1518089419,591969
st,Pause,1518089421,592168
et,Pause,1518089421,592844
et,Pause,1518089421,603127
st,Resume,1518089423,603310
et,Resume,1518089423,604250
et,Resume,1518089423,614490
st,Stop,1518089424,614662
et,Stop,1518089424,717837
et,Stop,1518089424,733085
st,Unconfigure,1518089426,733287
et,Unconfigure,1518089426,741650
et,Unconfigure,1518089426,746895
st,Configure,1518089429,749974
et,Configure,1518089429,754524
et,Configure,1518089429,760095
st,Start,1518089431,760256
et,Start,1518089431,763382
et,Start,1518089431,770341
st,Pause,1518089433,770541
et,Pause,1518089433,771155
et,Pause,1518089433,781464
st,Resume,1518089435,781565
et,Resume,1518089435,791525
et,Resume,1518089435,801666
st,Stop,1518089436,801914
et,Stop,1518089436,896082
et,Stop,1518089436,911491
st,Unconfigure,1518089438,911684
et,Unconfigure,1518089438,920409
et,Unconfigure,1518089438,925286
st,Configure,1518089441,927848
et,Configure,1518089441,933075
et,Configure,1518089441,938054
st,Start,1518089443,938230
et,Start,1518089443,941743
et,Start,1518089443,947770
st,Pause,1518089445,947882
et,Pause,1518089445,948749
et,Pause,1518089445,959001
st,Resume,1518089447,959180
et,Resume,1518089447,968784
et,Resume,1518089447,978850
st,Stop,1518089448,979004
et,Stop,1518089449,73723
et,Stop,1518089449,89006
st,Unconfigure,1518089451,89196
et,Unconfigure,1518089451,97528
et,Unconfigure,1518089451,102499
st,Configure,1518089454,104048
et,Configure,1518089454,110766
et,Configure,1518089454,115594
st,Start,1518089456,115845
et,Start,1518089456,119582
et,Start,1518089456,124332
st,Pause,1518089458,124597
et,Pause,1518089458,125218
et,Pause,1518089458,135438
st,Resume,1518089460,135561
et,Resume,1518089460,138330
et,Resume,1518089460,148481
st,Stop,1518089461,148677
et,Stop,1518089461,250225
et,Stop,1518089461,265624
st,Unconfigure,1518089463,265828
et,Unconfigure,1518089463,275277
et,Unconfigure,1518089463,280018
st,Configure,1518089466,283159
et,Configure,1518089466,288801
et,Configure,1518089466,292801
st,Start,1518089468,293055
et,Start,1518089468,298029
et,Start,1518089468,301528
st,Pause,1518089470,301642
et,Pause,1518089470,302385
et,Pause,1518089470,312662
st,Resume,1518089472,312779
et,Resume,1518089472,322467
et,Resume,1518089472,332611
st,Stop,1518089473,332782
et,Stop,1518089473,427214
et,Stop,1518089473,442582
st,Unconfigure,1518089475,442744
et,Unconfigure,1518089475,451220
et,Unconfigure,1518089475,455716
st,Configure,1518089478,459030
et,Configure,1518089478,464483
et,Configure,1518089478,468090
st,Start,1518089480,468261
et,Start,1518089480,473685
et,Start,1518089480,477355
st,Pause,1518089482,477584
et,Pause,1518089482,478226
et,Pause,1518089482,488508
st,Resume,1518089484,488684
et,Resume,1518089484,490206
et,Resume,1518089484,500326
st,Stop,1518089485,500469
et,Stop,1518089485,603042
et,Stop,1518089485,618383
st,Unconfigure,1518089487,618597
et,Unconfigure,1518089487,627397
et,Unconfigure,1518089487,631747
st,Configure,1518089490,634912
et,Configure,1518089490,640551
et,Configure,1518089490,644990
st,Start,1518089492,645151
et,Start,1518089492,648834
et,Start,1518089492,653719
st,Pause,1518089494,653897
et,Pause,1518089494,654579
et,Pause,1518089494,664912
st,Resume,1518089496,665108
et,Resume,1518089496,674703
et,Resume,1518089496,684754
st,Stop,1518089497,684940
et,Stop,1518089497,779482
et,Stop,1518089497,794816
st,Unconfigure,1518089499,795073
et,Unconfigure,1518089499,804219
et,Unconfigure,1518089499,808318
st,Configure,1518089502,811313
et,Configure,1518089502,817563
et,Configure,1518089502,822095
st,Start,1518089504,822311
et,Start,1518089504,826817
et,Start,1518089504,831109
st,Pause,1518089506,831267
et,Pause,1518089506,831927
et,Pause,1518089506,842180
st,Resume,1518089508,842370
et,Resume,1518089508,851714
et,Resume,1518089508,861867
st,Stop,1518089509,862051
et,Stop,1518089509,956813
et,Stop,1518089509,972158
st,Unconfigure,1518089511,972288
et,Unconfigure,1518089511,980801
et,Unconfigure,1518089511,985343
st,Configure,1518089514,988041
et,Configure,1518089514,995269
et,Configure,1518089514,998272
st,Start,1518089516,998393
et,Start,1518089517,4506
et,Start,1518089517,6990
st,Pause,1518089519,7156
et,Pause,1518089519,7941
et,Pause,1518089519,18175
st,Resume,1518089521,18396
et,Resume,1518089521,26826
et,Resume,1518089521,36815
st,Stop,1518089522,36947
et,Stop,1518089522,132703
et,Stop,1518089522,148093
st,Unconfigure,1518089524,148263
et,Unconfigure,1518089524,156780
et,Unconfigure,1518089524,162906
st,Configure,1518089527,165618
et,Configure,1518089527,169924
et,Configure,1518089527,175829
st,Start,1518089529,175984
et,Start,1518089529,179062
et,Start,1518089529,185581
st,Pause,1518089531,185707
et,Pause,1518089531,186333
et,Pause,1518089531,196620
st,Resume,1518089533,196763
et,Resume,1518089533,205731
et,Resume,1518089533,215845
st,Stop,1518089534,215998
et,Stop,1518089534,311154
et,Stop,1518089534,326509
st,Unconfigure,1518089536,326648
et,Unconfigure,1518089536,334814
et,Unconfigure,1518089536,339926
st,Configure,1518089539,342407
et,Configure,1518089539,347745
et,Configure,1518089539,352639
st,Start,1518089541,352816
et,Start,1518089541,356820
et,Start,1518089541,361523
st,Pause,1518089543,361750
et,Pause,1518089543,362365
et,Pause,1518089543,372726
st,Resume,1518089545,373035
et,Resume,1518089545,381522
et,Resume,1518089545,391712
st,Stop,1518089546,391913
et,Stop,1518089546,487286
et,Stop,1518089546,502589
st,Unconfigure,1518089548,502786
et,Unconfigure,1518089548,511673
et,Unconfigure,1518089548,516434
st,Configure,1518089551,519604
et,Configure,1518089551,525511
et,Configure,1518089551,529210
st,Start,1518089553,529439
et,Start,1518089553,534492
et,Start,1518089553,537833
st,Pause,1518089555,538006
et,Pause,1518089555,538709
et,Pause,1518089555,549153
st,Resume,1518089557,549340
et,Resume,1518089557,551020
et,Resume,1518089557,558124
st,Stop,1518089558,558288
et,Stop,1518089558,663611
et,Stop,1518089558,678842
st,Unconfigure,1518089560,679028
et,Unconfigure,1518089560,688217
et,Unconfigure,1518089560,693052
st,Configure,1518089563,695493
et,Configure,1518089563,701389
et,Configure,1518089563,705546
st,Start,1518089565,705661
et,Start,1518089565,710442
et,Start,1518089565,714495
st,Pause,1518089567,714752
et,Pause,1518089567,715347
et,Pause,1518089567,725676
st,Resume,1518089569,725800
et,Resume,1518089569,735350
et,Resume,1518089569,745515
st,Stop,1518089570,745699
et,Stop,1518089570,840300
et,Stop,1518089570,855600
st,Unconfigure,1518089572,855789
et,Unconfigure,1518089572,864358
et,Unconfigure,1518089572,868853
st,Configure,1518089575,871477
et,Configure,1518089575,877799
et,Configure,1518089575,881616
st,Start,1518089577,881896
et,Start,1518089577,886544
et,Start,1518089577,890466
st,Pause,1518089579,890684
et,Pause,1518089579,891563
et,Pause,1518089579,901814
st,Resume,1518089581,901950
et,Resume,1518089581,912076
et,Resume,1518089581,922219
st,Stop,1518089582,922355
et,Stop,1518089583,16353
et,Stop,1518089583,31671
st,Unconfigure,1518089585,31968
et,Unconfigure,1518089585,40464
et,Unconfigure,1518089585,45009
st,Configure,1518089588,47407
et,Configure,1518089588,53366
et,Configure,1518089588,57711
st,Start,1518089590,57931
et,Start,1518089590,62947
et,Start,1518089590,68902
st,Pause,1518089592,69054
et,Pause,1518089592,69683
et,Pause,1518089592,79977
st,Resume,1518089594,80186
et,Resume,1518089594,89266
et,Resume,1518089594,99395
st,Stop,1518089595,99578
et,Stop,1518089595,194477
et,Stop,1518089595,209834
st,Unconfigure,1518089597,210010
et,Unconfigure,1518089597,218780
et,Unconfigure,1518089597,223317
st,Configure,1518089600,226546
et,Configure,1518089600,232205
et,Configure,1518089600,236635
st,Start,1518089602,236797
et,Start,1518089602,241395
et,Start,1518089602,245324
st,Pause,1518089604,245575
et,Pause,1518089604,246282
et,Pause,1518089604,256487
st,Resume,1518089606,256606
et,Resume,1518089606,266149
et,Resume,1518089606,276247
st,Stop,1518089607,276373
et,Stop,1518089607,371238
et,Stop,1518089607,386607
st,Unconfigure,1518089609,386778
et,Unconfigure,1518089609,395201
et,Unconfigure,1518089609,400004
st,Configure,1518089612,403092
et,Configure,1518089612,408370
et,Configure,1518089612,413366
st,Start,1518089614,413539
et,Start,1518089614,414794
et,Start,1518089614,425248
st,Pause,1518089616,425377
et,Pause,1518089616,426310
et,Pause,1518089616,436525
st,Resume,1518089618,436693
et,Resume,1518089618,437032
et,Resume,1518089618,447142
st,Stop,1518089619,447305
et,Stop,1518089619,551140
et,Stop,1518089619,566528
st,Unconfigure,1518089621,566659
et,Unconfigure,1518089621,575519
et,Unconfigure,1518089621,580232
st,Configure,1518089624,583197
et,Configure,1518089624,588530
et,Configure,1518089624,592513
st,Start,1518089626,592648
et,Start,1518089626,597635
et,Start,1518089626,601431
st,Pause,1518089628,601677
et,Pause,1518089628,602373
et,Pause,1518089628,612714
st,Resume,1518089630,612907
et,Resume,1518089630,613255
et,Resume,1518089630,613456
st,Stop,1518089631,613603
et,Stop,1518089631,727173
et,Stop,1518089631,742488
st,Unconfigure,1518089633,742668
et,Unconfigure,1518089633,751186
et,Unconfigure,1518089633,755609
st,Configure,1518089636,758606
et,Configure,1518089636,764683
et,Configure,1518089636,768649
st,Start,1518089638,768823
et,Start,1518089638,773533
et,Start,1518089638,777158
st,Pause,1518089640,777296
et,Pause,1518089640,778040
et,Pause,1518089640,788464
st,Resume,1518089642,788571
et,Resume,1518089642,797463
et,Resume,1518089642,807613
st,Stop,1518089643,807773
et,Stop,1518089643,902909
et,Stop,1518089643,918235
st,Unconfigure,1518089645,918445
et,Unconfigure,1518089645,927220
et,Unconfigure,1518089645,931798
st,Configure,1518089648,934798
et,Configure,1518089648,940722
et,Configure,1518089648,943952
st,Start,1518089650,944184
et,Start,1518089650,949993
et,Start,1518089650,953561
st,Pause,1518089652,953677
et,Pause,1518089652,954383
et,Pause,1518089652,964751
st,Resume,1518089654,965042
et,Resume,1518089654,967327
et,Resume,1518089654,977451
st,Stop,1518089655,977558
et,Stop,1518089656,79212
et,Stop,1518089656,94557
st,Unconfigure,1518089658,94711
et,Unconfigure,1518089658,103761
et,Unconfigure,1518089658,108300
st,Configure,1518089661,111189
et,Configure,1518089661,117144
et,Configure,1518089661,121614
st,Start,1518089663,121756
et,Start,1518089663,126772
et,Start,1518089663,131207
st,Pause,1518089665,131328
et,Pause,1518089665,132158
et,Pause,1518089665,142505
st,Resume,1518089667,142666
et,Resume,1518089667,153035
et,Resume,1518089667,163220
st,Stop,1518089668,163464
et,Stop,1518089668,257052
et,Stop,1518089668,272380
st,Unconfigure,1518089670,272552
et,Unconfigure,1518089670,281509
et,Unconfigure,1518089670,286135
st,Configure,1518089673,288925
et,Configure,1518089673,295913
et,Configure,1518089673,300704
st,Start,1518089675,300861
et,Start,1518089675,306958
et,Start,1518089675,312635
st,Pause,1518089677,312823
et,Pause,1518089677,313450
et,Pause,1518089677,323754
st,Resume,1518089679,323890
et,Resume,1518089679,326086
et,Resume,1518089679,336167
st,Stop,1518089680,336317
et,Stop,1518089680,438333
et,Stop,1518089680,453633
st,Unconfigure,1518089682,453852
et,Unconfigure,1518089682,454497
et,Unconfigure,1518089682,458371
st,Configure,1518089685,460447
et,Configure,1518089685,469923
et,Configure,1518089685,472129
st,Start,1518089687,472290
et,Start,1518089687,479473
et,Start,1518089687,480702
st,Pause,1518089689,480965
et,Pause,1518089689,481582
et,Pause,1518089689,491986
st,Resume,1518089691,492191
et,Resume,1518089691,500524
et,Resume,1518089691,510674
st,Stop,1518089692,510883
et,Stop,1518089692,606455
et,Stop,1518089692,621693
st,Unconfigure,1518089694,621903
et,Unconfigure,1518089694,630405
et,Unconfigure,1518089694,634731
st,Configure,1518089697,637862
et,Configure,1518089697,643981
et,Configure,1518089697,648370
st,Start,1518089699,648512
et,Start,1518089699,652943
et,Start,1518089699,657296
st,Pause,1518089701,657548
et,Pause,1518089701,658338
et,Pause,1518089701,668565
st,Resume,1518089703,668757
et,Resume,1518089703,678727
et,Resume,1518089703,688843
st,Stop,1518089704,688956
et,Stop,1518089704,783188
et,Stop,1518089704,798473
st,Unconfigure,1518089706,798662
et,Unconfigure,1518089706,807530
et,Unconfigure,1518089706,812260
st,Configure,1518089709,814470
et,Configure,1518089709,820270
et,Configure,1518089709,824907
st,Start,1518089711,825097
et,Start,1518089711,829140
et,Start,1518089711,834126
st,Pause,1518089713,834241
et,Pause,1518089713,834936
et,Pause,1518089713,845201
st,Resume,1518089715,845395
et,Resume,1518089715,855489
et,Resume,1518089715,855714
st,Stop,1518089716,855858
et,Stop,1518089716,959791
et,Stop,1518089716,975139
st,Unconfigure,1518089718,975326
et,Unconfigure,1518089718,983703
et,Unconfigure,1518089718,988413
st,Configure,1518089721,990456
et,Configure,1518089722,609
et,Configure,1518089722,1643
st,Start,1518089724,1766
et,Start,1518089724,10769
et,Start,1518089724,21253
st,Pause,1518089726,21408
et,Pause,1518089726,22302
et,Pause,1518089726,32581
st,Resume,1518089728,32816
et,Resume,1518089728,33339
et,Resume,1518089728,43494
st,Stop,1518089729,43640
et,Stop,1518089729,147165
et,Stop,1518089729,162534
st,Unconfigure,1518089731,162676
et,Unconfigure,1518089731,171434
et,Unconfigure,1518089731,175617
st,Configure,1518089734,178629
et,Configure,1518089734,184524
et,Configure,1518089734,188512
st,Start,1518089736,188648
et,Start,1518089736,193667
et,Start,1518089736,197281
st,Pause,1518089738,197431
et,Pause,1518089738,198237
et,Pause,1518089738,208468
st,Resume,1518089740,208714
et,Resume,1518089740,209393
et,Resume,1518089740,219522
st,Stop,1518089741,219701
et,Stop,1518089741,323197
et,Stop,1518089741,338528
st,Unconfigure,1518089743,338729
et,Unconfigure,1518089743,348073
et,Unconfigure,1518089743,352660
st,Configure,1518089746,355999
et,Configure,1518089746,360971
et,Configure,1518089746,365462
st,Start,1518089748,365659
et,Start,1518089748,369953
et,Start,1518089748,374305
st,Pause,1518089750,374518
et,Pause,1518089750,375229
et,Pause,1518089750,385475
st,Resume,1518089752,385677
et,Resume,1518089752,394980
et,Resume,1518089752,405086
st,Stop,1518089753,405300
et,Stop,1518089753,500114
et,Stop,1518089753,515386
st,Unconfigure,1518089755,515559
et,Unconfigure,1518089755,524068
et,Unconfigure,1518089755,528820
st,Configure,1518089758,531932
et,Configure,1518089758,537092
et,Configure,1518089758,542528
st,Start,1518089760,542693
et,Start,1518089760,545997
et,Start,1518089760,551485
st,Pause,1518089762,551741
et,Pause,1518089762,553139
et,Pause,1518089762,563403
st,Resume,1518089764,563534
et,Resume,1518089764,572677
et,Resume,1518089764,582806
st,Stop,1518089765,583021
et,Stop,1518089765,677990
et,Stop,1518089765,693350
st,Unconfigure,1518089767,693568
et,Unconfigure,1518089767,702137
et,Unconfigure,1518089767,707020
st,Configure,1518089770,710116
et,Configure,1518089770,714962
et,Configure,1518089770,719565
st,Start,1518089772,719724
et,Start,1518089772,724013
et,Start,1518089772,728806
st,Pause,1518089774,728996
et,Pause,1518089774,729601
et,Pause,1518089774,739873
st,Resume,1518089776,740081
et,Resume,1518089776,741408
et,Resume,1518089776,751596
st,Stop,1518089777,751765
et,Stop,1518089777,854461
et,Stop,1518089777,869774
st,Unconfigure,1518089779,869928
et,Unconfigure,1518089779,879476
et,Unconfigure,1518089779,884066
st,Configure,1518089782,887048
et,Configure,1518089782,893077
et,Configure,1518089782,896994
st,Start,1518089784,897216
et,Start,1518089784,901901
et,Start,1518089784,908332
st,Pause,1518089786,908518
et,Pause,1518089786,909121
et,Pause,1518089786,919479
st,Resume,1518089788,919713
et,Resume,1518089788,929874
et,Resume,1518089788,939934
st,Stop,1518089789,940122
et,Stop,1518089790,34065
et,Stop,1518089790,49551
st,Unconfigure,1518089792,49740
et,Unconfigure,1518089792,58269
et,Unconfigure,1518089792,62950
st,Configure,1518089795,65761
et,Configure,1518089795,71673
et,Configure,1518089795,75987
st,Start,1518089797,76318
et,Start,1518089797,80542
et,Start,1518089797,84708
st,Pause,1518089799,84873
et,Pause,1518089799,85637
et,Pause,1518089799,95905
st,Resume,1518089801,96103
et,Resume,1518089801,105307
et,Resume,1518089801,115405
st,Stop,1518089802,115520
et,Stop,1518089802,210605
et,Stop,1518089802,225972
st,Unconfigure,1518089804,226106
et,Unconfigure,1518089804,234994
et,Unconfigure,1518089804,239960
st,Configure,1518089807,243027
et,Configure,1518089807,248059
et,Configure,1518089807,252838
st,Start,1518089809,253020
et,Start,1518089809,257306
et,Start,1518089809,262104
st,Pause,1518089811,262279
et,Pause,1518089811,262914
et,Pause,1518089811,273193
st,Resume,1518089813,273299
et,Resume,1518089813,283410
et,Resume,1518089813,293491
st,Stop,1518089814,293623
et,Stop,1518089814,388007
et,Stop,1518089814,403171
st,Unconfigure,1518089816,403304
et,Unconfigure,1518089816,411934
et,Unconfigure,1518089816,416873
st,Configure,1518089819,419983
et,Configure,1518089819,425182
et,Configure,1518089819,430024
st,Start,1518089821,430183
et,Start,1518089821,433971
et,Start,1518089821,438865
st,Pause,1518089823,439019
et,Pause,1518089823,439779
et,Pause,1518089823,449993
st,Resume,1518089825,450222
et,Resume,1518089825,450831
et,Resume,1518089825,460975
st,Stop,1518089826,461106
et,Stop,1518089826,564686
et,Stop,1518089826,580046
st,Unconfigure,1518089828,580262
et,Unconfigure,1518089828,589007
et,Unconfigure,1518089828,594264
st,Configure,1518089831,597479
et,Configure,1518089831,602281
et,Configure,1518089831,607066
st,Start,1518089833,607239
et,Start,1518089833,615453
et,Start,1518089833,616286
st,Pause,1518089835,616485
et,Pause,1518089835,617268
et,Pause,1518089835,627488
st,Resume,1518089837,627746
et,Resume,1518089837,629481
et,Resume,1518089837,639635
st,Stop,1518089838,639749
et,Stop,1518089838,742003
et,Stop,1518089838,757317
st,Unconfigure,1518089840,757536
et,Unconfigure,1518089840,765973
et,Unconfigure,1518089840,770631
st,Configure,1518089843,773730
et,Configure,1518089843,780534
et,Configure,1518089843,790805
st,Start,1518089845,790960
et,Start,1518089845,801476
et,Start,1518089845,811761
st,Pause,1518089847,811910
et,Pause,1518089847,812567
et,Pause,1518089847,822841
st,Resume,1518089849,823011
et,Resume,1518089849,832337
et,Resume,1518089849,842545
st,Stop,1518089850,842678
et,Stop,1518089850,937452
et,Stop,1518089850,952778
st,Unconfigure,1518089852,952965
et,Unconfigure,1518089852,961505
et,Unconfigure,1518089852,966111
st,Configure,1518089855,968586
et,Configure,1518089855,974647
et,Configure,1518089855,978829
st,Start,1518089857,978964
et,Start,1518089857,983807
et,Start,1518089857,987749
st,Pause,1518089859,987898
et,Pause,1518089859,988646
et,Pause,1518089859,998862
st,Resume,1518089861,998968
et,Resume,1518089861,999626
et,Resume,1518089862,9683
st,Stop,1518089863,9798
et,Stop,1518089863,113474
et,Stop,1518089863,128882
st,Unconfigure,1518089865,129037
et,Unconfigure,1518089865,137832
et,Unconfigure,1518089865,142509
st,Configure,1518089868,145612
et,Configure,1518089868,150856
et,Configure,1518089868,155444
st,Start,1518089870,155608
et,Start,1518089870,160029
et,Start,1518089870,164130
st,Pause,1518089872,164360
et,Pause,1518089872,165052
et,Pause,1518089872,175242
st,Resume,1518089874,175375
et,Resume,1518089874,185023
et,Resume,1518089874,195139
st,Stop,1518089875,195277
et,Stop,1518089875,289837
et,Stop,1518089875,305188
st,Unconfigure,1518089877,305401
et,Unconfigure,1518089877,313747
et,Unconfigure,1518089877,318622
st,Configure,1518089880,321705
et,Configure,1518089880,327249
et,Configure,1518089880,333254
st,Start,1518089882,333393
et,Start,1518089882,335960
et,Start,1518089882,342145
st,Pause,1518089884,342260
et,Pause,1518089884,342935
et,Pause,1518089884,353284
st,Resume,1518089886,353432
et,Resume,1518089886,363273
et,Resume,1518089886,373385
st,Stop,1518089887,373532
et,Stop,1518089887,467866
et,Stop,1518089887,483120
st,Unconfigure,1518089889,483277
et,Unconfigure,1518089889,492015
et,Unconfigure,1518089889,497535
st,Configure,1518089892,500543
et,Configure,1518089892,504830
et,Configure,1518089892,510349
st,Start,1518089894,510670
et,Start,1518089894,513787
et,Start,1518089894,519701
st,Pause,1518089896,519820
et,Pause,1518089896,520581
et,Pause,1518089896,530870
st,Resume,1518089898,531061
et,Resume,1518089898,531499
et,Resume,1518089898,541477
st,Stop,1518089899,541684
et,Stop,1518089899,645501
et,Stop,1518089899,660888
st,Unconfigure,1518089901,661047
et,Unconfigure,1518089901,669321
et,Unconfigure,1518089901,676910
st,Configure,1518089904,679843
et,Configure,1518089904,682348
et,Configure,1518089904,690495
st,Start,1518089906,690705
et,Start,1518089906,701067
et,Start,1518089906,709699
st,Pause,1518089908,709818
et,Pause,1518089908,710644
et,Pause,1518089908,720959
st,Resume,1518089910,721381
et,Resume,1518089910,730458
et,Resume,1518089910,740598
st,Stop,1518089911,740741
et,Stop,1518089911,835619
et,Stop,1518089911,850951
st,Unconfigure,1518089913,851108
et,Unconfigure,1518089913,859979
et,Unconfigure,1518089913,864819
st,Configure,1518089916,867599
et,Configure,1518089916,873716
et,Configure,1518089916,877803
st,Start,1518089918,877938
et,Start,1518089918,882520
et,Start,1518089918,886538
st,Pause,1518089920,886655
et,Pause,1518089920,887447
et,Pause,1518089920,897732
st,Resume,1518089922,897849
et,Resume,1518089922,908144
et,Resume,1518089922,918284
st,Stop,1518089923,918442
et,Stop,1518089924,12403
et,Stop,1518089924,27676
st,Unconfigure,1518089926,27909
et,Unconfigure,1518089926,36506
et,Unconfigure,1518089926,41179
st,Configure,1518089929,44282
et,Configure,1518089929,49649
et,Configure,1518089929,54147
st,Start,1518089931,54335
et,Start,1518089931,58867
et,Start,1518089931,63025
st,Pause,1518089933,63201
et,Pause,1518089933,63856
et,Pause,1518089933,74343
st,Resume,1518089935,74547
et,Resume,1518089935,83902
et,Resume,1518089935,93983
st,Stop,1518089936,94164
et,Stop,1518089936,188590
et,Stop,1518089936,203933
st,Unconfigure,1518089938,204107
et,Unconfigure,1518089938,213124
et,Unconfigure,1518089938,217395
st,Configure,1518089941,220929
et,Configure,1518089941,226835
et,Configure,1518089941,230230
st,Start,1518089943,230436
et,Start,1518089943,235548
et,Start,1518089943,239080
st,Pause,1518089945,239250
et,Pause,1518089945,239772
et,Pause,1518089945,250221
st,Resume,1518089947,250330
et,Resume,1518089947,259292
et,Resume,1518089947,269341
st,Stop,1518089948,269469
et,Stop,1518089948,364786
et,Stop,1518089948,380067
st,Unconfigure,1518089950,380225
et,Unconfigure,1518089950,389509
et,Unconfigure,1518089950,393630
st,Configure,1518089953,395915
et,Configure,1518089953,402831
et,Configure,1518089953,406677
st,Start,1518089955,406801
et,Start,1518089955,417504
et,Start,1518089955,427829
st,Pause,1518089957,427978
et,Pause,1518089957,428736
et,Pause,1518089957,438943
st,Resume,1518089959,439171
et,Resume,1518089959,439524
et,Resume,1518089959,442492
st,Stop,1518089960,442623
et,Stop,1518089960,553635
et,Stop,1518089960,568960
st,Unconfigure,1518089962,569164
et,Unconfigure,1518089962,578059
et,Unconfigure,1518089962,582755
st,Configure,1518089965,585750
et,Configure,1518089965,591656
et,Configure,1518089965,597491
st,Start,1518089967,597718
et,Start,1518089967,600819
et,Start,1518089967,605211
st,Pause,1518089969,605334
et,Pause,1518089969,606023
et,Pause,1518089969,616318
st,Resume,1518089971,616549
et,Resume,1518089971,625945
et,Resume,1518089971,636109
st,Stop,1518089972,636283
et,Stop,1518089972,730988
et,Stop,1518089972,746356
st,Unconfigure,1518089974,746579
et,Unconfigure,1518089974,755237
et,Unconfigure,1518089974,759970
st,Configure,1518089977,763081
et,Configure,1518089977,768332
et,Configure,1518089977,772793
st,Start,1518089979,772953
et,Start,1518089979,777267
et,Start,1518089979,781409
st,Pause,1518089981,781604
et,Pause,1518089981,782199
et,Pause,1518089981,792473
st,Resume,1518089983,792595
et,Resume,1518089983,801048
et,Resume,1518089983,810935
st,Stop,1518089984,811110
et,Stop,1518089984,907088
et,Stop,1518089984,922474
st,Unconfigure,1518089986,922666
et,Unconfigure,1518089986,930980
et,Unconfigure,1518089986,936306
st,Configure,1518089989,938884
et,Configure,1518089989,944266
et,Configure,1518089989,949183
st,Start,1518089991,949445
et,Start,1518089991,953260
et,Start,1518089991,959043
st,Pause,1518089993,959159
et,Pause,1518089993,959959
et,Pause,1518089993,970241
st,Resume,1518089995,970440
et,Resume,1518089995,979518
et,Resume,1518089995,989646
st,Stop,1518089996,989798
et,Stop,1518089997,84917
et,Stop,1518089997,100337
st,Unconfigure,1518089999,100590
et,Unconfigure,1518089999,109119
et,Unconfigure,1518089999,113619
st,Configure,1518090002,116653
et,Configure,1518090002,122949
et,Configure,1518090002,127726
st,Start,1518090004,127980
et,Start,1518090004,131842
et,Start,1518090004,136246
st,Pause,1518090006,136469
et,Pause,1518090006,137211
et,Pause,1518090006,147487
st,Resume,1518090008,147699
et,Resume,1518090008,149607
et,Resume,1518090008,159685
st,Stop,1518090009,159893
et,Stop,1518090009,262119
et,Stop,1518090009,277559
st,Unconfigure,1518090011,277683
et,Unconfigure,1518090011,286373
et,Unconfigure,1518090011,290896
st,Configure,1518090014,293923
et,Configure,1518090014,299614
et,Configure,1518090014,303768
st,Start,1518090016,303908
et,Start,1518090016,309684
et,Start,1518090016,312853
st,Pause,1518090018,313012
et,Pause,1518090018,313643
et,Pause,1518090018,323844
st,Resume,1518090020,324070
et,Resume,1518090020,332506
et,Resume,1518090020,342654
st,Stop,1518090021,343006
et,Stop,1518090021,438668
et,Stop,1518090021,454004
st,Unconfigure,1518090023,454158
et,Unconfigure,1518090023,462765
et,Unconfigure,1518090023,467095
st,Configure,1518090026,469543
et,Configure,1518090026,476294
et,Configure,1518090026,479719
st,Start,1518090028,479855
et,Start,1518090028,484838
et,Start,1518090028,488269
st,Pause,1518090030,488553
et,Pause,1518090030,489158
et,Pause,1518090030,499538
st,Resume,1518090032,499663
et,Resume,1518090032,501357
et,Resume,1518090032,511532
st,Stop,1518090033,511761
et,Stop,1518090033,614065
et,Stop,1518090033,629282
st,Unconfigure,1518090035,629444
et,Unconfigure,1518090035,638144
et,Unconfigure,1518090035,642309
st,Configure,1518090038,645391
et,Configure,1518090038,651683
et,Configure,1518090038,655087
st,Start,1518090040,655287
et,Start,1518090040,660464
et,Start,1518090040,664006
st,Pause,1518090042,664254
et,Pause,1518090042,664958
et,Pause,1518090042,675181
st,Resume,1518090044,675430
et,Resume,1518090044,675842
et,Resume,1518090044,686097
st,Stop,1518090045,686268
et,Stop,1518090045,789858
et,Stop,1518090045,805144
st,Unconfigure,1518090047,805293
et,Unconfigure,1518090047,814114
et,Unconfigure,1518090047,818800
st,Configure,1518090050,820929
et,Configure,1518090050,827199
et,Configure,1518090050,831239
st,Start,1518090052,831384
et,Start,1518090052,836074
et,Start,1518090052,839784
st,Pause,1518090054,839938
et,Pause,1518090054,840683
et,Pause,1518090054,850963
st,Resume,1518090056,851141
et,Resume,1518090056,859963
et,Resume,1518090056,870115
st,Stop,1518090057,870228
et,Stop,1518090057,965477
et,Stop,1518090057,980840
st,Unconfigure,1518090059,981060
et,Unconfigure,1518090059,989401
et,Unconfigure,1518090059,993993
st,Configure,1518090062,996919
et,Configure,1518090063,2629
et,Configure,1518090063,8350
st,Start,1518090065,8776
et,Start,1518090065,11188
et,Start,1518090065,16987
st,Pause,1518090067,17164
et,Pause,1518090067,17954
et,Pause,1518090067,28207
st,Resume,1518090069,28375
et,Resume,1518090069,38519
et,Resume,1518090069,48741
st,Stop,1518090070,48970
et,Stop,1518090070,142825
et,Stop,1518090070,158173
st,Unconfigure,1518090072,158474
et,Unconfigure,1518090072,167250
et,Unconfigure,1518090072,171952
st,Configure,1518090075,174954
et,Configure,1518090075,181369
et,Configure,1518090075,185457
st,Start,1518090077,185672
et,Start,1518090077,190228
et,Start,1518090077,197656
st,Pause,1518090079,197822
et,Pause,1518090079,198554
et,Pause,1518090079,208726
st,Resume,1518090081,208845
et,Resume,1518090081,209781
et,Resume,1518090081,219976
st,Stop,1518090082,220151
et,Stop,1518090082,323408
et,Stop,1518090082,338647
st,Unconfigure,1518090084,338808
et,Unconfigure,1518090084,347164
et,Unconfigure,1518090084,352076
st,Configure,1518090087,355440
et,Configure,1518090087,360846
et,Configure,1518090087,366170
st,Start,1518090089,366372
et,Start,1518090089,369510
et,Start,1518090089,375517
st,Pause,1518090091,375745
et,Pause,1518090091,376255
et,Pause,1518090091,386545
st,Resume,1518090093,386683
et,Resume,1518090093,395778
et,Resume,1518090093,405929
st,Stop,1518090094,406072
et,Stop,1518090094,501201
et,Stop,1518090094,516551
st,Unconfigure,1518090096,516696
et,Unconfigure,1518090096,525126
et,Unconfigure,1518090096,529792
st,Configure,1518090099,532706
et,Configure,1518090099,537750
et,Configure,1518090099,542466
st,Start,1518090101,542685
et,Start,1518090101,546559
et,Start,1518090101,551226
st,Pause,1518090103,551431
et,Pause,1518090103,552132
et,Pause,1518090103,562416
st,Resume,1518090105,562585
et,Resume,1518090105,572756
et,Resume,1518090105,582865
st,Stop,1518090106,582998
et,Stop,1518090106,677002
et,Stop,1518090106,692376
st,Unconfigure,1518090108,692510
et,Unconfigure,1518090108,701944
et,Unconfigure,1518090108,712125
st,Configure,1518090111,715271
et,Configure,1518090111,726563
et,Configure,1518090111,726911
st,Start,1518090113,727209
et,Start,1518090113,737527
et,Start,1518090113,748029
st,Pause,1518090115,748241
et,Pause,1518090115,748954
et,Pause,1518090115,759189
st,Resume,1518090117,759488
et,Resume,1518090117,768659
et,Resume,1518090117,778752
st,Stop,1518090118,778897
et,Stop,1518090118,874093
et,Stop,1518090118,889409
st,Unconfigure,1518090120,889571
et,Unconfigure,1518090120,897937
et,Unconfigure,1518090120,902540
st,Configure,1518090123,905535
et,Configure,1518090123,910752
et,Configure,1518090123,915481
st,Start,1518090125,915636
et,Start,1518090125,919435
et,Start,1518090125,924170
st,Pause,1518090127,924294
et,Pause,1518090127,925092
et,Pause,1518090127,935327
st,Resume,1518090129,935455
et,Resume,1518090129,937250
et,Resume,1518090129,947309
st,Stop,1518090130,947531
et,Stop,1518090131,50118
et,Stop,1518090131,65464
st,Unconfigure,1518090133,65679
et,Unconfigure,1518090133,74800
et,Unconfigure,1518090133,79682
st,Configure,1518090136,82962
et,Configure,1518090136,87678
et,Configure,1518090136,92359
st,Start,1518090138,92538
et,Start,1518090138,99924
et,Start,1518090138,100686
st,Pause,1518090140,100825
et,Pause,1518090140,101733
et,Pause,1518090140,111926
st,Resume,1518090142,112088
et,Resume,1518090142,120956
et,Resume,1518090142,131213
st,Stop,1518090143,131373
et,Stop,1518090143,226589
et,Stop,1518090143,241886
st,Unconfigure,1518090145,242027
et,Unconfigure,1518090145,251217
et,Unconfigure,1518090145,256696
st,Configure,1518090148,259575
et,Configure,1518090148,264457
et,Configure,1518090148,269642
st,Start,1518090150,269769
et,Start,1518090150,274793
et,Start,1518090150,278088
st,Pause,1518090152,278310
et,Pause,1518090152,278917
et,Pause,1518090152,289149
st,Resume,1518090154,289347
et,Resume,1518090154,290275
et,Resume,1518090154,300350
st,Stop,1518090155,300475
et,Stop,1518090155,403867
et,Stop,1518090155,419202
st,Unconfigure,1518090157,419528
et,Unconfigure,1518090157,427987
et,Unconfigure,1518090157,432618
st,Configure,1518090160,435715
et,Configure,1518090160,441058
et,Configure,1518090160,444985
st,Start,1518090162,445136
et,Start,1518090162,450994
et,Start,1518090162,454566
st,Pause,1518090164,454882
et,Pause,1518090164,455433
et,Pause,1518090164,465926
st,Resume,1518090166,466145
et,Resume,1518090166,475545
et,Resume,1518090166,484446
st,Stop,1518090167,484615
et,Stop,1518090167,580243
et,Stop,1518090167,595589
st,Unconfigure,1518090169,595805
et,Unconfigure,1518090169,604334
et,Unconfigure,1518090169,609046
st,Configure,1518090172,612168
et,Configure,1518090172,617676
et,Configure,1518090172,621556
st,Start,1518090174,621743
et,Start,1518090174,626828
et,Start,1518090174,630770
st,Pause,1518090176,630973
et,Pause,1518090176,631643
et,Pause,1518090176,641962
st,Resume,1518090178,642123
et,Resume,1518090178,651736
et,Resume,1518090178,661853
st,Stop,1518090179,661997
et,Stop,1518090179,756475
et,Stop,1518090179,771880
st,Unconfigure,1518090181,772098
et,Unconfigure,1518090181,780806
et,Unconfigure,1518090181,785184
st,Configure,1518090184,788129
et,Configure,1518090184,794319
et,Configure,1518090184,797530
st,Start,1518090186,797664
et,Start,1518090186,803384
et,Start,1518090186,808243
st,Pause,1518090188,808801
et,Pause,1518090188,933813
et,Pause,1518090188,944081
st,Resume,1518090190,944272
et,Resume,1518090190,954039
et,Resume,1518090190,964161
st,Stop,1518090191,964330
et,Stop,1518090192,58928
et,Stop,1518090192,74361
st,Unconfigure,1518090194,74581
et,Unconfigure,1518090194,82070
et,Unconfigure,1518090194,88901
st,Configure,1518090197,91515
et,Configure,1518090197,94606
et,Configure,1518090197,101714
st,Start,1518090199,101827
et,Start,1518090199,104076
et,Start,1518090199,111167
st,Pause,1518090201,111341
et,Pause,1518090201,111960
et,Pause,1518090201,122241
st,Resume,1518090203,122456
et,Resume,1518090203,131275
et,Resume,1518090203,141500
st,Stop,1518090204,141690
et,Stop,1518090204,236803
et,Stop,1518090204,252193
st,Unconfigure,1518090206,252321
et,Unconfigure,1518090206,261485
et,Unconfigure,1518090206,265901
st,Configure,1518090209,268328
et,Configure,1518090209,275268
et,Configure,1518090209,278542
st,Start,1518090211,278763
et,Start,1518090211,283965
et,Start,1518090211,287613
st,Pause,1518090213,287858
et,Pause,1518090213,288596
et,Pause,1518090213,298886
st,Resume,1518090215,299123
et,Resume,1518090215,299907
et,Resume,1518090215,310032
st,Stop,1518090216,310214
et,Stop,1518090216,413405
et,Stop,1518090216,428755
st,Unconfigure,1518090218,428926
et,Unconfigure,1518090218,437811
et,Unconfigure,1518090218,441877
st,Configure,1518090221,444903
et,Configure,1518090221,450968
et,Configure,1518090221,455549
st,Start,1518090223,455726
et,Start,1518090223,460367
et,Start,1518090223,464503
st,Pause,1518090225,464778
et,Pause,1518090225,465401
et,Pause,1518090225,475685
st,Resume,1518090227,475866
et,Resume,1518090227,484539
et,Resume,1518090227,494496
st,Stop,1518090228,494719
et,Stop,1518090228,590261
et,Stop,1518090228,605587
st,Unconfigure,1518090230,605753
et,Unconfigure,1518090230,607185
et,Unconfigure,1518090230,609069
st,Configure,1518090233,610473
et,Configure,1518090233,620655
et,Configure,1518090233,630847
st,Start,1518090235,631001
et,Start,1518090235,640344
et,Start,1518090235,650662
st,Pause,1518090237,650774
et,Pause,1518090237,651565
et,Pause,1518090237,661811
st,Resume,1518090239,662021
et,Resume,1518090239,662284
et,Resume,1518090239,672384
st,Stop,1518090240,672555
et,Stop,1518090240,776398
et,Stop,1518090240,791617
st,Unconfigure,1518090242,791781
et,Unconfigure,1518090242,800479
et,Unconfigure,1518090242,805058
st,Configure,1518090245,807461
et,Configure,1518090245,813820
et,Configure,1518090245,818109
st,Start,1518090247,818307
et,Start,1518090247,822822
et,Start,1518090247,827129
st,Pause,1518090249,827270
et,Pause,1518090249,828050
et,Pause,1518090249,838311
st,Resume,1518090251,838498
et,Resume,1518090251,848508
et,Resume,1518090251,858695
st,Stop,1518090252,858945
et,Stop,1518090252,952974
et,Stop,1518090252,968321
st,Unconfigure,1518090254,968529
et,Unconfigure,1518090254,977339
et,Unconfigure,1518090254,981534
st,Configure,1518090257,984701
et,Configure,1518090257,990177
et,Configure,1518090257,994105
st,Start,1518090259,994296
et,Start,1518090259,999156
et,Start,1518090260,2986
st,Pause,1518090262,3201
et,Pause,1518090262,3899
et,Pause,1518090262,14157
st,Resume,1518090264,14356
et,Resume,1518090264,24139
et,Resume,1518090264,34192
st,Stop,1518090265,34364
et,Stop,1518090265,128786
et,Stop,1518090265,144166
st,Unconfigure,1518090267,144320
et,Unconfigure,1518090267,152670
et,Unconfigure,1518090267,157370
st,Configure,1518090270,161054
et,Configure,1518090270,166236
et,Configure,1518090270,170328
st,Start,1518090272,170448
et,Start,1518090272,175464
et,Start,1518090272,179095
st,Pause,1518090274,179195
et,Pause,1518090274,179901
et,Pause,1518090274,190152
st,Resume,1518090276,190353
et,Resume,1518090276,199246
et,Resume,1518090276,209377
st,Stop,1518090277,209536
et,Stop,1518090277,304765
et,Stop,1518090277,320233
st,Unconfigure,1518090279,320441
et,Unconfigure,1518090279,328665
et,Unconfigure,1518090279,333442
st,Configure,1518090282,335897
et,Configure,1518090282,342214
et,Configure,1518090282,346152
st,Start,1518090284,346368
et,Start,1518090284,351188
et,Start,1518090284,355038
st,Pause,1518090286,355150
et,Pause,1518090286,355917
et,Pause,1518090286,366227
st,Resume,1518090288,366432
et,Resume,1518090288,375636
et,Resume,1518090288,385750
st,Stop,1518090289,385896
et,Stop,1518090289,480808
et,Stop,1518090289,496124
st,Unconfigure,1518090291,496313
et,Unconfigure,1518090291,504773
et,Unconfigure,1518090291,509346
st,Configure,1518090294,512554
et,Configure,1518090294,518362
et,Configure,1518090294,521940
st,Start,1518090296,522064
et,Start,1518090296,527981
et,Start,1518090296,530847
st,Pause,1518090298,531076
et,Pause,1518090298,531819
et,Pause,1518090298,542134
st,Resume,1518090300,542255
et,Resume,1518090300,551850
et,Resume,1518090300,561956
st,Stop,1518090301,562154
et,Stop,1518090301,656631
et,Stop,1518090301,671994
st,Unconfigure,1518090303,672128
et,Unconfigure,1518090303,680614
et,Unconfigure,1518090303,685469
st,Configure,1518090306,688557
et,Configure,1518090306,693655
et,Configure,1518090306,698223
st,Start,1518090308,698378
et,Start,1518090308,702913
et,Start,1518090308,707000
st,Pause,1518090310,707164
et,Pause,1518090310,707951
et,Pause,1518090310,718275
st,Resume,1518090312,718447
et,Resume,1518090312,727078
et,Resume,1518090312,737306
st,Stop,1518090313,737465
et,Stop,1518090313,832874
et,Stop,1518090313,848190
st,Unconfigure,1518090315,848395
et,Unconfigure,1518090315,856907
et,Unconfigure,1518090315,861909
st,Configure,1518090318,864441
et,Configure,1518090318,872906
et,Configure,1518090318,874655
st,Start,1518090320,874781
et,Start,1518090320,881660
et,Start,1518090320,883344
st,Pause,1518090322,883539
et,Pause,1518090322,884312
et,Pause,1518090322,894564
st,Resume,1518090324,894760
et,Resume,1518090324,903831
et,Resume,1518090324,913970
st,Stop,1518090325,914141
et,Stop,1518090326,9231
et,Stop,1518090326,24519
st,Unconfigure,1518090328,24718
et,Unconfigure,1518090328,29200
et,Unconfigure,1518090328,37771
st,Configure,1518090331,40892
et,Configure,1518090331,52479
et,Configure,1518090331,60817
st,Start,1518090333,61062
et,Start,1518090333,70980
et,Start,1518090333,79988
st,Pause,1518090335,80152
et,Pause,1518090335,80821
et,Pause,1518090335,86297
st,Resume,1518090337,86477
et,Resume,1518090337,94829
et,Resume,1518090337,100928
st,Stop,1518090338,101078
et,Stop,1518090338,205719
et,Stop,1518090338,221042
st,Unconfigure,1518090340,221176
et,Unconfigure,1518090340,229723
et,Unconfigure,1518090340,234713
st,Configure,1518090343,237676
et,Configure,1518090343,242845
et,Configure,1518090343,247404
st,Start,1518090345,247548
et,Start,1518090345,251684
et,Start,1518090345,256301
st,Pause,1518090347,256513
et,Pause,1518090347,257037
et,Pause,1518090347,267383
st,Resume,1518090349,267547
et,Resume,1518090349,277313
et,Resume,1518090349,287486
st,Stop,1518090350,287723
et,Stop,1518090350,381990
et,Stop,1518090350,397460
st,Unconfigure,1518090352,397663
et,Unconfigure,1518090352,406052
et,Unconfigure,1518090352,410751
st,Configure,1518090355,413475
et,Configure,1518090355,419504
et,Configure,1518090355,423920
st,Start,1518090357,424134
et,Start,1518090357,428370
et,Start,1518090357,432619
st,Pause,1518090359,432849
et,Pause,1518090359,433385
et,Pause,1518090359,443715
st,Resume,1518090361,443821
et,Resume,1518090361,453786
et,Resume,1518090361,463970
st,Stop,1518090362,464169
et,Stop,1518090362,558412
et,Stop,1518090362,573793
st,Unconfigure,1518090364,573935
et,Unconfigure,1518090364,582593
et,Unconfigure,1518090364,587181
st,Configure,1518090367,590226
et,Configure,1518090367,596283
et,Configure,1518090367,600144
st,Start,1518090369,600260
et,Start,1518090369,609934
et,Start,1518090369,619125
st,Pause,1518090371,619294
et,Pause,1518090371,619878
et,Pause,1518090371,630137
st,Resume,1518090373,630260
et,Resume,1518090373,639540
et,Resume,1518090373,649643
st,Stop,1518090374,649788
et,Stop,1518090374,744722
et,Stop,1518090374,760162
st,Unconfigure,1518090376,760333
et,Unconfigure,1518090376,769076
et,Unconfigure,1518090376,773551
st,Configure,1518090379,776636
et,Configure,1518090379,784128
et,Configure,1518090379,786666
st,Start,1518090381,786878
et,Start,1518090381,793021
et,Start,1518090381,795833
st,Pause,1518090383,796016
et,Pause,1518090383,796673
et,Pause,1518090383,806962
st,Resume,1518090385,807097
et,Resume,1518090385,807568
et,Resume,1518090385,817678
st,Stop,1518090386,817806
et,Stop,1518090386,921622
et,Stop,1518090386,936957
st,Unconfigure,1518090388,937139
et,Unconfigure,1518090388,945575
et,Unconfigure,1518090388,950054
st,Configure,1518090391,953113
et,Configure,1518090391,958796
et,Configure,1518090391,963106
st,Start,1518090393,963324
et,Start,1518090393,967651
et,Start,1518090393,972274
st,Pause,1518090395,972403
et,Pause,1518090395,973181
et,Pause,1518090395,985629
st,Resume,1518090397,985777
et,Resume,1518090397,994201
et,Resume,1518090398,3074
st,Stop,1518090399,3176
et,Stop,1518090399,98031
et,Stop,1518090399,113350
st,Unconfigure,1518090401,113500
et,Unconfigure,1518090401,122778
et,Unconfigure,1518090401,127099
st,Configure,1518090404,130248
et,Configure,1518090404,135517
et,Configure,1518090404,139250
st,Start,1518090406,139381
et,Start,1518090406,144475
et,Start,1518090406,149073
st,Pause,1518090408,149264
et,Pause,1518090408,150012
et,Pause,1518090408,160272
st,Resume,1518090410,160432
et,Resume,1518090410,170006
et,Resume,1518090410,180141
st,Stop,1518090411,180303
et,Stop,1518090411,274941
et,Stop,1518090411,290936
st,Unconfigure,1518090413,291217
et,Unconfigure,1518090413,299465
et,Unconfigure,1518090413,303450
st,Configure,1518090416,305850
et,Configure,1518090416,312513
et,Configure,1518090416,316124
st,Start,1518090418,316244
et,Start,1518090418,321980
et,Start,1518090418,325277
st,Pause,1518090420,325436
et,Pause,1518090420,326133
et,Pause,1518090420,336397
st,Resume,1518090422,336565
et,Resume,1518090422,345535
et,Resume,1518090422,355646
st,Stop,1518090423,355768
et,Stop,1518090423,451071
et,Stop,1518090423,466455
st,Unconfigure,1518090425,466664
et,Unconfigure,1518090425,474999
et,Unconfigure,1518090425,479842
st,Configure,1518090428,483655
et,Configure,1518090428,488527
et,Configure,1518090428,492812
st,Start,1518090430,493059
et,Start,1518090430,497797
et,Start,1518090430,501455
st,Pause,1518090432,501758
et,Pause,1518090432,502308
et,Pause,1518090432,512568
st,Resume,1518090434,512708
et,Resume,1518090434,513790
et,Resume,1518090434,523860
st,Stop,1518090435,523997
et,Stop,1518090435,627189
et,Stop,1518090435,642467
st,Unconfigure,1518090437,642654
et,Unconfigure,1518090437,651558
et,Unconfigure,1518090437,656212
st,Configure,1518090440,659267
et,Configure,1518090440,664959
et,Configure,1518090440,673663
st,Start,1518090442,673889
et,Start,1518090442,675538
et,Start,1518090442,676637
st,Pause,1518090444,676824
et,Pause,1518090444,677650
et,Pause,1518090444,687840
st,Resume,1518090446,688060
et,Resume,1518090446,689269
et,Resume,1518090446,699849
st,Stop,1518090447,700166
et,Stop,1518090447,802354
et,Stop,1518090447,817693
st,Unconfigure,1518090449,817978
et,Unconfigure,1518090449,826537
et,Unconfigure,1518090449,831229
st,Configure,1518090452,834241
et,Configure,1518090452,841408
et,Configure,1518090452,844561
st,Start,1518090454,844704
et,Start,1518090454,850555
et,Start,1518090454,852985
st,Pause,1518090456,853176
et,Pause,1518090456,853949
et,Pause,1518090456,859645
st,Resume,1518090458,859849
et,Resume,1518090458,869305
et,Resume,1518090458,872505
st,Stop,1518090459,872705
et,Stop,1518090459,978866
et,Stop,1518090459,994212
st,Unconfigure,1518090461,994363
et,Unconfigure,1518090462,2885
et,Unconfigure,1518090462,7389
st,Configure,1518090465,9886
et,Configure,1518090465,15652
et,Configure,1518090465,20122
st,Start,1518090467,20300
et,Start,1518090467,25158
et,Start,1518090467,29298
st,Pause,1518090469,29444
et,Pause,1518090469,30137
et,Pause,1518090469,40454
st,Resume,1518090471,40588
et,Resume,1518090471,49353
et,Resume,1518090471,59557
st,Stop,1518090472,59730
et,Stop,1518090472,155394
et,Stop,1518090472,170752
st,Unconfigure,1518090474,170889
et,Unconfigure,1518090474,179280
et,Unconfigure,1518090474,184125
st,Configure,1518090477,185468
et,Configure,1518090477,192546
et,Configure,1518090477,197024
st,Start,1518090479,197166
et,Start,1518090479,200954
et,Start,1518090479,205344
st,Pause,1518090481,205559
et,Pause,1518090481,206224
et,Pause,1518090481,216503
st,Resume,1518090483,216707
et,Resume,1518090483,226792
et,Resume,1518090483,236932
st,Stop,1518090484,237161
et,Stop,1518090484,331170
et,Stop,1518090484,346501
st,Unconfigure,1518090486,346687
et,Unconfigure,1518090486,355678
et,Unconfigure,1518090486,360335