et,Configure,1.51602823296618E+015
et,Configure,1.51602823296655E+015
et,Configure,1.51602823297616E+015
et,Configure,1.51602823298601E+015
et,Configure,1.51602823299643E+015
et,Pause,1.51602829868028E+015
et,Pause,1.51602829879524E+015
et,Pause,1.51602829891088E+015
et,Pause,1.51602830045539E+015
et,Pause,1.51602830046532E+015
et,Resume,1.51602905091058E+015
et,Resume,1.51602905091102E+015
et,Resume,1.51602905092085E+015
et,Resume,1.51602905092157E+015
et,Resume,1.51602905093251E+015
et,Pause,1.51602905893048E+015
et,Pause,1.51602905904523E+015
et,Pause,1.5160290591609E+015
et,Pause,1.51602905916996E+015
et,Pause,1.51602905918013E+015
et,Resume,1.51602906489756E+015
et,Resume,1.51602906490831E+015
et,Resume,1.51602906491862E+015
et,Resume,1.51602906492872E+015
et,Resume,1.5160290649401E+015
et,Pause,1.51602907305504E+015
et,Pause,1.51602907317028E+015
et,Pause,1.51602907328611E+015
et,Pause,1.51602907331664E+015
et,Pause,1.51602907332663E+015
et,Resume,1.51602907899982E+015
et,Resume,1.51602907900022E+015
et,Resume,1.51602907901141E+015
et,Resume,1.51602907901193E+015
et,Resume,1.51602907902176E+015
et,Pause,1.51602908855505E+015
et,Pause,1.51602908867044E+015
et,Pause,1.5160290887859E+015
et,Pause,1.5160290887925E+015
et,Pause,1.51602908880267E+015
et,Resume,1.51602910221866E+015
et,Resume,1.51602910222844E+015
et,Resume,1.51602910222911E+015
et,Resume,1.51602910223902E+015
et,Resume,1.51602910223999E+015
et,Pause,1.51602911243022E+015
et,Pause,1.51602911254527E+015
et,Pause,1.5160291126609E+015
et,Pause,1.51602911267048E+015
et,Pause,1.51602911268057E+015
et,Resume,1.51602912257724E+015
et,Resume,1.51602912258706E+015
et,Resume,1.5160291225973E+015
et,Resume,1.516029122609E+015
et,Resume,1.51602912261832E+015
et,Pause,1.51602912955511E+015
et,Pause,1.51602912967039E+015
et,Pause,1.5160291297859E+015
et,Pause,1.51602912979257E+015
et,Pause,1.51602912980273E+015
et,Resume,1.51602913566391E+015
et,Resume,1.5160291356747E+015
et,Resume,1.5160291356847E+015
et,Resume,1.51602913569554E+015
et,Resume,1.51602913570555E+015
et,Pause,1.51602914780588E+015
et,Pause,1.51602914792043E+015
et,Pause,1.5160291480359E+015
et,Pause,1.51602914804254E+015
et,Pause,1.51602914805265E+015
et,Resume,1.51602915520244E+015
et,Resume,1.51602915521245E+015
et,Resume,1.51602915522219E+015
et,Resume,1.51602915523283E+015
et,Resume,1.5160291552424E+015
et,Pause,1.51602916318011E+015
et,Pause,1.5160291632954E+015
et,Pause,1.51602916341089E+015
et,Pause,1.51602916341766E+015
et,Pause,1.51602916342773E+015
et,Resume,1.51602916884188E+015
et,Resume,1.51602916885225E+015
et,Resume,1.5160291688623E+015
et,Resume,1.51602916887255E+015
et,Resume,1.51602916888246E+015
et,Pause,1.51602917768026E+015
et,Pause,1.51602917779524E+015
et,Pause,1.51602917791091E+015
et,Pause,1.51602917791968E+015
et,Pause,1.51602917792981E+015
et,Resume,1.51602918192517E+015
et,Resume,1.51602918192553E+015
et,Resume,1.51602918193544E+015
et,Resume,1.51602918194646E+015
et,Resume,1.51602918195678E+015
et,Pause,1.51602919130507E+015
et,Pause,1.51602919142039E+015
et,Pause,1.5160291915359E+015
et,Pause,1.51602919154264E+015
et,Pause,1.51602919155274E+015
et,Resume,1.51602922925708E+015
et,Resume,1.51602922926689E+015
et,Resume,1.51602922926785E+015
et,Resume,1.51602922927951E+015
et,Resume,1.51602922928931E+015
et,Stop,1.51602923518024E+015
et,Stop,1.51602923529529E+015
et,Stop,1.51602923541097E+015
et,Stop,1.51602923542534E+015
et,Stop,1.5160292354405E+015
et,Stop,1.516029255974E+015
et,Stop,1.51602925608395E+015
et,Stop,1.5160292562022E+015
et,Stop,1.51602925621573E+015
et,Stop,1.51602925623088E+015
et,Stop,1.51602927269655E+015
et,Stop,1.51602927281181E+015
et,Stop,1.5160292729318E+015
et,Stop,1.51602927296729E+015
et,Stop,1.5160292729825E+015
et,Stop,1.51602928560251E+015
et,Stop,1.51602928571711E+015
et,Stop,1.51602928583616E+015
et,Stop,1.51602928587169E+015
et,Stop,1.51602928588689E+015
et,Unconfigure,1.5160292898256E+015
et,Unconfigure,1.51602928983557E+015
et,Unconfigure,1.5160292898365E+015
et,Unconfigure,1.51602928984544E+015
et,Unconfigure,1.51602928984675E+015
et,Configure,1.51602929389845E+015
et,Configure,1.51602929391207E+015
et,Configure,1.51602929392395E+015
et,Configure,1.51602929393394E+015
et,Configure,1.51602929393459E+015
et,Unconfigure,1.51602930044085E+015
et,Unconfigure,1.51602930045127E+015
et,Unconfigure,1.51602930045204E+015
et,Unconfigure,1.51602930046085E+015
et,Unconfigure,1.51602930046226E+015
et,Configure,1.51602930438807E+015
et,Configure,1.51602930438912E+015
et,Configure,1.51602930439908E+015
et,Configure,1.51602930440901E+015
et,Configure,1.51602930441912E+015
et,Unconfigure,1.51602931009626E+015
et,Unconfigure,1.51602931010629E+015
et,Unconfigure,1.51602931011631E+015
et,Unconfigure,1.51602931012662E+015
et,Unconfigure,1.51602931013732E+015
et,Configure,1.51602931413518E+015
et,Configure,1.51602931414668E+015
et,Configure,1.51602931415667E+015
et,Configure,1.51602931416633E+015
et,Configure,1.51602931416746E+015
et,Unconfigure,1.51602931748913E+015
et,Unconfigure,1.5160293175E+015
et,Unconfigure,1.51602931750922E+015
et,Unconfigure,1.51602931751922E+015
et,Unconfigure,1.51602931752035E+015
et,Configure,1.51602932333556E+015
et,Configure,1.51602932334647E+015
et,Configure,1.51602932335676E+015
et,Configure,1.51602932336725E+015
et,Configure,1.516029323378E+015
et,Unconfigure,1.51602932729491E+015
et,Unconfigure,1.51602932730626E+015
et,Unconfigure,1.51602932731491E+015
et,Unconfigure,1.5160293273262E+015
et,Unconfigure,1.51602932733723E+015
et,Configure,1.51602933142647E+015
et,Configure,1.51602933143676E+015
et,Configure,1.51602933144658E+015
et,Configure,1.51602933144728E+015
et,Configure,1.51602933145796E+015
et,Unconfigure,1.51602933455809E+015
et,Unconfigure,1.51602933455893E+015
et,Unconfigure,1.51602933456819E+015
et,Unconfigure,1.51602933457819E+015
et,Unconfigure,1.51602933457929E+015
et,Configure,1.51602933957654E+015
et,Configure,1.5160293395867E+015
et,Configure,1.51602933959744E+015
et,Configure,1.51602933960688E+015
et,Configure,1.51602933961683E+015
et,Stop,1.51602935322755E+015
et,Stop,1.51602935335114E+015
et,Stop,1.51602935347214E+015
et,Stop,1.51602935350764E+015
et,Stop,1.51602935352283E+015
et,Stop,1.51602938050148E+015
et,Stop,1.51602938062485E+015
et,Stop,1.51602938074012E+015
et,Stop,1.51602938075364E+015
et,Stop,1.51602938076882E+015
et,Unconfigure,1.51602938598033E+015
et,Unconfigure,1.51602938599032E+015
et,Unconfigure,1.51602938600183E+015
et,Unconfigure,1.51602938601029E+015
et,Unconfigure,1.51602938601182E+015
et,Configure,1516112414103497
et,Configure,1516112414103821
et,Configure,1516112414113282
et,Configure,1516112414114258
et,Configure,1516112414127624
et,Start,1516112437575934
et,Start,1516112437576420
et,Start,1516112437586051
et,Start,1516112437599136
et,Start,1516112437609585
et,Stop,1516112443235279
et,Stop,1516112443349831
et,Stop,1516112443461590
et,Stop,1516112445005967
et,Stop,1516112445021005
et,Start,1516112446783694
et,Start,1516112446784040
et,Start,1516112446794402
et,Start,1516112446808523
et,Start,1516112446818456
et,Stop,1516112458694106
et,Stop,1516112458809296
et,Stop,1516112458919947
et,Stop,1516112458928640
et,Stop,1516112458943985
et,Start,1516112463783797
et,Start,1516112463784092
et,Start,1516112463795370
et,Start,1516112463805425
et,Start,1516112463815393
et,Stop,1516112470191424
et,Stop,1516112470306000
et,Stop,1516112470421028
et,Stop,1516112470435670
et,Stop,1516112470450882
et,Start,1516112476894254
et,Start,1516112476904265
et,Start,1516112476904764
et,Start,1516112476915291
et,Start,1516112476925086
et,Stop,1516112484800937
et,Stop,1516112484919855
et,Stop,1516112485030403
et,Stop,1516112485066206
et,Stop,1516112485080963
et,Start,1516112492247247
et,Start,1516112492259008
et,Start,1516112492269177
et,Start,1516112492279368
et,Start,1516112492280231
et,Stop,1516112499030739
et,Stop,1516112499155069
et,Stop,1516112499269744
et,Stop,1516112499282496
et,Stop,1516112499297639
et,Start,1516112503366052
et,Start,1516112503366334
et,Start,1516112503376323
et,Start,1516112503386695
et,Start,1516112503396827
et,Stop,1516112512022677
et,Stop,1516112512142013
et,Stop,1516112512252080
et,Stop,1516112512287694
et,Stop,1516112512302725
et,Start,1516112517635746
et,Start,1516112517645811
et,Start,1516112517655886
et,Start,1516112517657148
et,Start,1516112517666650
et,Pause,1516112524542284
et,Pause,1516112524657656
et,Pause,1516112524781408
et,Pause,1516112524790811
et,Pause,1516112524800976
et,Resume,1516112529813602
et,Resume,1516112529823851
et,Resume,1516112529834624
et,Resume,1516112529844668
et,Resume,1516112529855531
et,Pause,1516112535042290
et,Pause,1516112535157917
et,Pause,1516112535281392
et,Pause,1516112535290364
et,Pause,1516112535300463
et,Resume,1516112539585155
et,Resume,1516112539595007
et,Resume,1516112539605008
et,Resume,1516112539615029
et,Resume,1516112539625811
et,Stop,1516112546417282
et,Stop,1516112546532928
et,Stop,1516112546656448
et,Stop,1516112546670215
et,Stop,1516112546685352
et,Unconfigure,1516112549475496
et,Unconfigure,1516112549475760
et,Unconfigure,1516112549476023
et,Unconfigure,1516112549486051
et,Unconfigure,1516112549496281
et,Configure,1516112553008237
et,Configure,1516112553019236
et,Configure,1516112553029517
et,Configure,1516112553039824
et,Configure,1516112553049415
et,Unconfigure,1516112557191472
et,Unconfigure,1516112557191711
et,Unconfigure,1516112557192296
et,Unconfigure,1516112557192510
et,Unconfigure,1516112557201674
et,Configure,1516112561278919
et,Configure,1516112561288873
et,Configure,1516112561289220
et,Configure,1516112561299275
et,Configure,1516112561309259
et,Unconfigure,1516112564116223
et,Unconfigure,1516112564126292
et,Unconfigure,1516112564126574
et,Unconfigure,1516112564126844
et,Unconfigure,1516112564136816
et,Configure,1516112571539731
et,Configure,1516112571549630
et,Configure,1516112571559330
et,Configure,1516112571559572
et,Configure,1516112571560134
et,Start,1516112575804092
et,Start,1516112575804409
et,Start,1516112575814329
et,Start,1516112575815055
et,Start,1516112575825107
et,Stop,1516112582200707
et,Stop,1516112582315873
et,Stop,1516112582439927
et,Stop,1516112582453214
et,Stop,1516112582468382
et,Start,1516112587557736
et,Start,1516112587567743
et,Start,1516112587577646
et,Start,1516112587587589
et,Start,1516112587588446
et,Stop,1516112599213914
et,Stop,1516112599338332
et,Stop,1516112599453196
et,Stop,1516112599465776
et,Stop,1516112599480962
et,Start,1516112776162471
et,Start,1516112776172615
et,Start,1516112776182968
et,Start,1516112776192844
et,Start,1516112776202520
et,Stop,1516112784078352
et,Stop,1516112784193433
et,Stop,1516112784308545
et,Stop,1516112784323156
et,Stop,1516112784338506
et,Start,1516112791686775
et,Start,1516112791687220
et,Start,1516112791697130
et,Start,1516112791698042
et,Start,1516112791709549
et,Stop,1516112798710346
et,Stop,1516112798823774
et,Stop,1516112798947652
et,Stop,1516112798961184
et,Stop,1516112798976380
et,Unconfigure,1516112802261984
et,Unconfigure,1516112802272192
et,Unconfigure,1516112802282241
et,Unconfigure,1516112802282494
et,Unconfigure,1516112802293826
et,Configure,1516112805342999
et,Configure,1516112805343267
et,Configure,1516112805353853
et,Configure,1516112805364122
et,Configure,1516112805373920
et,Unconfigure,1516112808403675
et,Unconfigure,1516112808403913
et,Unconfigure,1516112808404311
et,Unconfigure,1516112808414260
et,Unconfigure,1516112808414651
