st,Configure,1.51602581630252E+015
et,Configure,1.51602581630462E+015
et,Configure,1.51602581631462E+015
et,Configure,1.51602581631485E+015
et,Configure,1.51602581631571E+015
et,Configure,1.51602581631594E+015
st,Pause,1.51602583420647E+015
et,Pause,1.51602583421442E+015
et,Pause,1.51602583430245E+015
et,Pause,1.51602583430378E+015
et,Pause,1.51602583430393E+015
et,Pause,1.51602583578317E+015
st,Resume,1.51602583953433E+015
et,Resume,1.51602583953529E+015
et,Resume,1.51602583953618E+015
et,Resume,1.51602583954523E+015
et,Resume,1.51602583954575E+015
et,Resume,1.51602583954604E+015
st,Stop,1.51602585080635E+015
et,Stop,1.5160258508196E+015
et,Stop,1.51602585083068E+015
et,Stop,1.51602585092751E+015
et,Stop,1.51602585092855E+015
et,Stop,1.51602585092924E+015
st,Unconfigure,1.51602585975013E+015
et,Unconfigure,1.51602585975299E+015
et,Unconfigure,1.51602585975352E+015
et,Unconfigure,1.51602585975368E+015
et,Unconfigure,1.51602585975383E+015
et,Unconfigure,1.51602585975441E+015
st,Configure,1.51602586443057E+015
et,Configure,1.51602586443547E+015
et,Configure,1.5160258644361E+015
et,Configure,1.51602586443668E+015
et,Configure,1.51602586443726E+015
et,Configure,1.51602586443758E+015
st,Unconfigure,1.51602586955029E+015
et,Unconfigure,1.5160258695513E+015
et,Unconfigure,1.51602586956182E+015
et,Unconfigure,1.516025869562E+015
et,Unconfigure,1.51602586956214E+015
et,Unconfigure,1.51602586956304E+015
st,Configure,1.51602587422217E+015
et,Configure,1.5160258742263E+015
et,Configure,1.51602587422645E+015
et,Configure,1.51602587422666E+015
et,Configure,1.51602587422681E+015
et,Configure,1.51602587422769E+015
st,Unconfigure,1.51602587846252E+015
et,Unconfigure,1.5160258784634E+015
et,Unconfigure,1.51602587847332E+015
et,Unconfigure,1.5160258784739E+015
et,Unconfigure,1.51602587847435E+015
et,Unconfigure,1.51602587847473E+015
st,Configure,1.51602588351028E+015
et,Configure,1.51602588351352E+015
et,Configure,1.51602588351368E+015
et,Configure,1.51602588351409E+015
et,Configure,1.51602588351425E+015
et,Configure,1.51602588351438E+015
st,Pause,1.51602589593427E+015
et,Pause,1.51602589594792E+015
et,Pause,1.51602589597003E+015
et,Pause,1.51602589603141E+015
et,Pause,1.5160258960325E+015
et,Pause,1.51602589603307E+015
st,Resume,1.51602590050222E+015
et,Resume,1.51602590050952E+015
et,Resume,1.51602590051033E+015
et,Resume,1.51602590051109E+015
et,Resume,1.51602590051183E+015
et,Resume,1.51602590051247E+015
st,Pause,1.51602590573439E+015
et,Pause,1.51602590574767E+015
et,Pause,1.51602590576334E+015
et,Pause,1.51602590578129E+015
et,Pause,1.51602590578286E+015
et,Pause,1.51602590578381E+015
st,Resume,1.51602591208593E+015
et,Resume,1.51602591209261E+015
et,Resume,1.51602591209318E+015
et,Resume,1.51602591209349E+015
et,Resume,1.51602591209376E+015
et,Resume,1.51602591209401E+015
st,Pause,1.5160259177579E+015
et,Pause,1.51602591776951E+015
et,Pause,1.51602591778177E+015
et,Pause,1.51602591778262E+015
et,Pause,1.51602591778276E+015
et,Pause,1.51602591778308E+015
st,Resume,1.51602592284619E+015
et,Resume,1.516025922853E+015
et,Resume,1.51602592285321E+015
et,Resume,1.51602592285339E+015
et,Resume,1.51602592285358E+015
et,Resume,1.51602592285376E+015
st,Pause,1.51602593051792E+015
et,Pause,1.51602593052447E+015
et,Pause,1.51602593053184E+015
et,Pause,1.51602593053256E+015
et,Pause,1.51602593053279E+015
et,Pause,1.51602593053293E+015
st,Resume,1.51602593595003E+015
et,Resume,1.51602593595074E+015
et,Resume,1.5160259359584E+015
et,Resume,1.51602593595929E+015
et,Resume,1.51602593595948E+015
et,Resume,1.51602593596188E+015
st,Stop,1.51602594294186E+015
et,Stop,1.51602594295531E+015
et,Stop,1.51602594297142E+015
et,Stop,1.51602594303133E+015
et,Stop,1.51602594303237E+015
et,Stop,1.51602594303251E+015
st,Unconfigure,1.51602595047002E+015
et,Unconfigure,1.51602595047279E+015
et,Unconfigure,1.5160259504734E+015
et,Unconfigure,1.51602595047396E+015
et,Unconfigure,1.51602595047453E+015
et,Unconfigure,1.51602595047517E+015
st,Configure,1.51602595832592E+015
et,Configure,1.51602595833013E+015
et,Configure,1.5160259583303E+015
et,Configure,1.51602595833069E+015
et,Configure,1.51602595833086E+015
et,Configure,1.516025958331E+015
st,Stop,1.51602597064608E+015
et,Stop,1.51602597066045E+015
et,Stop,1.51602597067928E+015
et,Stop,1.51602597076647E+015
et,Stop,1.51602597076727E+015
et,Stop,1.51602597076751E+015
st,Unconfigure,1.516025976926E+015
et,Unconfigure,1.5160259769337E+015
et,Unconfigure,1.51602597693384E+015
et,Unconfigure,1.51602597693397E+015
et,Unconfigure,1.51602597693413E+015
et,Unconfigure,1.51602597693426E+015
st,Configure,1.51602598218171E+015
et,Configure,1.51602598218476E+015
et,Configure,1.51602598218492E+015
et,Configure,1.51602598218508E+015
et,Configure,1.51602598218526E+015
et,Configure,1.51602598218546E+015
st,Pause,1.51602599663772E+015
et,Pause,1.51602599664935E+015
et,Pause,1.51602599665983E+015
et,Pause,1.51602599669462E+015
et,Pause,1.51602599669534E+015
et,Pause,1.5160259966961E+015
st,Resume,1.51602600262182E+015
et,Resume,1.5160260026227E+015
et,Resume,1.51602600263119E+015
et,Resume,1.51602600263271E+015
et,Resume,1.51602600263407E+015
et,Resume,1.51602600263478E+015
st,Pause,1.51602601160557E+015
et,Pause,1.51602601161734E+015
et,Pause,1.5160260116278E+015
et,Pause,1.51602601169434E+015
et,Pause,1.51602601169532E+015
et,Pause,1.51602601169586E+015
st,Resume,1.51602601786162E+015
et,Resume,1.51602601786517E+015
et,Resume,1.51602601786534E+015
et,Resume,1.51602601786563E+015
et,Resume,1.51602601786576E+015
et,Resume,1.51602601786594E+015
st,Stop,1.51602602454947E+015
et,Stop,1.51602602456599E+015
et,Stop,1.51602602456967E+015
et,Stop,1.51602602457E+015
et,Stop,1.51602602457105E+015
et,Stop,1.51602602457604E+015
st,Unconfigure,1.51602602927751E+015
et,Unconfigure,1.51602602928053E+015
et,Unconfigure,1.51602602928115E+015
et,Unconfigure,1.5160260292813E+015
et,Unconfigure,1.51602602928144E+015
et,Unconfigure,1.51602602928174E+015
st,Configure,1.51602603361348E+015
et,Configure,1.51602603361649E+015
et,Configure,1.51602603361662E+015
et,Configure,1.51602603361721E+015
et,Configure,1.51602603361735E+015
et,Configure,1.51602603361749E+015
st,Stop,1.51602604422158E+015
et,Stop,1.51602604424693E+015
et,Stop,1.5160260442555E+015
et,Stop,1.51602604434158E+015
et,Stop,1.51602604434171E+015
et,Stop,1.51602604434254E+015
st,Unconfigure,1.51602604908542E+015
et,Unconfigure,1.51602604908616E+015
et,Unconfigure,1.51602604909611E+015
et,Unconfigure,1.51602604909644E+015
et,Unconfigure,1.51602604909656E+015
et,Unconfigure,1.51602604909718E+015
st,Configure,1.51602605374148E+015
et,Configure,1.51602605374351E+015
et,Configure,1.51602605374405E+015
et,Configure,1.51602605374442E+015
et,Configure,1.51602605375495E+015
et,Configure,1.51602605375512E+015
st,Stop,1.51602606527742E+015
et,Stop,1.51602606529132E+015
et,Stop,1.51602606529217E+015
et,Stop,1.51602606529321E+015
et,Stop,1.5160260652939E+015
et,Stop,1.51602606529914E+015
st,Unconfigure,1.51602607294943E+015
et,Unconfigure,1.51602607295623E+015
et,Unconfigure,1.51602607295683E+015
et,Unconfigure,1.51602607295698E+015
et,Unconfigure,1.51602607295715E+015
et,Unconfigure,1.51602607295729E+015
st,Configure,1.51602607761332E+015
et,Configure,1.51602607762458E+015
et,Configure,1.51602607762473E+015
et,Configure,1.51602607762487E+015
et,Configure,1.51602607762501E+015
et,Configure,1.51602607762514E+015
st,Stop,1.51602608554952E+015
et,Stop,1.51602608557174E+015
et,Stop,1.51602608557585E+015
et,Stop,1.51602608557709E+015
et,Stop,1.51602608557808E+015
et,Stop,1.51602608558429E+015
st,Unconfigure,1.51602608874124E+015
et,Unconfigure,1.51602608874257E+015
et,Unconfigure,1.5160260887431E+015
et,Unconfigure,1.51602608874324E+015
et,Unconfigure,1.51602608874348E+015
et,Unconfigure,1.51602608874367E+015
st,Configure,1.5160260926134E+015
et,Configure,1.51602609262085E+015
et,Configure,1.51602609262141E+015
et,Configure,1.51602609262157E+015
et,Configure,1.51602609262173E+015
et,Configure,1.51602609262191E+015
st,Stop,1.51602609876531E+015
et,Stop,1.51602609879389E+015
et,Stop,1.51602609880657E+015
et,Stop,1.51602609882758E+015
et,Stop,1.516026098829E+015
et,Stop,1.51602609882913E+015
st,Stop,1.51602610646909E+015
et,Stop,1.51602610648356E+015
et,Stop,1.51602610648891E+015
et,Stop,1.51602610648911E+015
et,Stop,1.51602610648997E+015
et,Stop,1.51602610649518E+015
st,Stop,1.51602611610122E+015
et,Stop,1.51602611612386E+015
et,Stop,1.51602611613658E+015
et,Stop,1.51602611621595E+015
et,Stop,1.51602611621656E+015
et,Stop,1.51602611621723E+015
st,Stop,1.51602612769302E+015
et,Stop,1.51602612770607E+015
et,Stop,1.51602612771637E+015
et,Stop,1.51602612771734E+015
et,Stop,1.51602612771748E+015
et,Stop,1.51602612772203E+015
st,Stop,1.51602613950903E+015
et,Stop,1.51602613952509E+015
et,Stop,1.51602613953523E+015
et,Stop,1.51602613958677E+015
et,Stop,1.51602613958779E+015
et,Stop,1.51602613958793E+015
st,Stop,1.51602616994056E+015
et,Stop,1.51602616995521E+015
et,Stop,1.51602616998015E+015
et,Stop,1.51602616999367E+015
et,Stop,1.51602616999478E+015
et,Stop,1.51602616999532E+015
st,Unconfigure,1.51602617400154E+015
et,Unconfigure,1.51602617401474E+015
et,Unconfigure,1.51602617401489E+015
et,Unconfigure,1.51602617401505E+015
et,Unconfigure,1.51602617401519E+015
et,Unconfigure,1.51602617401532E+015
st,Configure,1.51602823296312E+015
st,Pause,1.51602829858678E+015
st,Resume,1.51602905090312E+015
st,Pause,1.51602905887103E+015
st,Resume,1.51602906489542E+015
st,Pause,1.51602907303896E+015
st,Resume,1.51602907899915E+015
st,Pause,1.51602908848682E+015
st,Resume,1.51602910221493E+015
st,Pause,1.51602911242285E+015
st,Resume,1.5160291225749E+015
st,Pause,1.51602912951063E+015
st,Resume,1.51602913566259E+015
st,Pause,1.5160291477986E+015
st,Resume,1.51602915519857E+015
st,Pause,1.51602916311845E+015
st,Resume,1.51602916883862E+015
st,Pause,1.51602917759836E+015
st,Resume,1.51602918191847E+015
st,Pause,1.51602919125446E+015
st,Resume,1.51602922925434E+015
st,Stop,1.51602923511005E+015
st,Stop,1.51602925594181E+015
st,Stop,1.51602927258181E+015
st,Stop,1.51602928551003E+015
st,Unconfigure,1.51602928982199E+015
st,Configure,1.51602929388697E+015
st,Unconfigure,1.51602930043785E+015
st,Configure,1.51602930438214E+015
st,Unconfigure,1.51602931009387E+015
st,Configure,1.51602931413379E+015
st,Unconfigure,1.51602931748562E+015
st,Configure,1.51602932333387E+015
st,Unconfigure,1.51602932729394E+015
st,Configure,1.51602933142188E+015
st,Unconfigure,1.51602933455769E+015
st,Configure,1.5160293395739E+015
st,Stop,1.51602935310963E+015
st,Stop,1.51602938049343E+015
st,Unconfigure,1.51602938597351E+015
st,Configure,1516112414095218
st,Start,1516112437359088
st,Stop,1516112443126928
st,Start,1516112446527108
st,Start,1516112453543060
st,Stop,1516112458646928
st,Start,1516112463462874
st,Stop,1516112470102776
st,Start,1516112476647024
st,Stop,1516112484782770
st,Start,1516112490927231
st,Stop,1516112498950687
st,Start,1516112503094748
st,Stop,1516112511966576
st,Start,1516112517310631
st,Pause,1516112524502717
st,Resume,1516112529806525
st,Pause,1516112534926776
st,Resume,1516112539582560
st,Stop,1516112546310785
st,Unconfigure,1516112549470371
st,Configure,1516112553006695
st,Unconfigure,1516112557182726
st,Configure,1516112561271318
st,Unconfigure,1516112564110493
st,Configure,1516112571534684
st,Start,1516112574790421
st,Stop,1516112582086453
st,Start,1516112585910400
st,Start,1516112593862427
st,Start,1516112593862746
st,Start,1516112593863016
st,Start,1516112593863252
st,Start,1516112593863482
st,Start,1516112593863710
st,Start,1516112593863974
st,Start,1516112593864203
st,Stop,1516112599134314
st,Start,1516112774909464
st,Configure,1516112781365491
st,Stop,1516112783989326
st,Start,1516112790637368
st,Configure,1516112797157363
st,Stop,1516112798605490
st,Unconfigure,1516112802261484
st,Configure,1516112805341272
st,Unconfigure,1516112808397309
st,Configure,1516112988884536
et,Configure,1516112988891827
et,Configure,1516112988892037
et,Configure,1516112988892227
et,Configure,1516112988892431
et,Configure,1516112988892680
st,Start,1516112989204349
st,Start,1516112989436526
et,Start,1516112989439229
et,Start,1516112989444098
et,Start,1516112989444547
et,Start,1516112989444668
et,Start,1516112989444817
st,Stop,1516112994124425
et,Stop,1516112994140032
et,Stop,1516112994195490
et,Stop,1516112994196084
et,Stop,1516112994196321
et,Stop,1516112995730012
st,Start,1516112998012517
st,Start,1516112998324540
et,Start,1516112998328096
et,Start,1516112998328807
et,Start,1516112998328995
et,Start,1516112998329641
et,Start,1516112998330269
st,Stop,1516113002276601
et,Stop,1516113002300115
et,Stop,1516113002310829
et,Stop,1516113002360401
et,Stop,1516113002360745
et,Stop,1516113002360886
st,Start,1516113007092188
st,Start,1516113007348417
et,Start,1516113007354202
et,Start,1516113007354704
et,Start,1516113007355324
et,Start,1516113007355785
et,Start,1516113007355914
st,Stop,1516113018148697
et,Stop,1516113018162892
et,Stop,1516113018181853
et,Stop,1516113018230358
et,Stop,1516113018232012
et,Stop,1516113018232344
st,Unconfigure,1516113022219425
et,Unconfigure,1516113022228936
et,Unconfigure,1516113022229105
et,Unconfigure,1516113022229243
et,Unconfigure,1516113022229402
et,Unconfigure,1516113022229579
st,Unconfigure,1516113036012389
st,Configure,1516113039796383
et,Configure,1516113039800026
et,Configure,1516113039800190
et,Configure,1516113039800346
et,Configure,1516113039800481
et,Configure,1516113039801017
st,Start,1516113044700409
st,Start,1516113045148072
et,Start,1516113045148599
et,Start,1516113045157437
et,Start,1516113045157908
et,Start,1516113045158036
et,Start,1516113045159849
st,Stop,1516113050444064
et,Stop,1516113050461370
et,Stop,1516113050473136
et,Stop,1516113050562292
et,Stop,1516113050563073
et,Stop,1516113050563874
st,Start,1516113055476036
st,Start,1516113055780108
et,Start,1516113055788520
et,Start,1516113055788943
et,Start,1516113055789086
et,Start,1516113055789526
et,Start,1516113055789652
st,Stop,1516113060884080
et,Stop,1516113060900051
et,Stop,1516113060924188
et,Stop,1516113060944098
et,Stop,1516113060944477
et,Stop,1516113060944861
st,Start,1516113063955982
st,Start,1516113064156120
et,Start,1516113064163923
et,Start,1516113064164825
et,Start,1516113064165212
et,Start,1516113064165367
et,Start,1516113064165515
st,Stop,1516113069148083
et,Stop,1516113069163858
et,Stop,1516113069166136
et,Stop,1516113069166591
et,Stop,1516113069167054
et,Stop,1516113069172220
st,Start,1516113074019887
st,Start,1516113074548132
et,Start,1516113074555695
et,Start,1516113074555961
et,Start,1516113074556235
et,Start,1516113074556401
et,Start,1516113074556530
st,Stop,1516113079491833
et,Stop,1516113079514453
et,Stop,1516113079519819
et,Stop,1516113079585418
et,Stop,1516113079585902
et,Stop,1516113079586231
st,Start,1516113091203913
st,Start,1516113091628137
et,Start,1516113091634708
et,Start,1516113091634917
et,Start,1516113091636092
et,Start,1516113091636223
et,Start,1516113091636377
st,Stop,1516113098363852
et,Stop,1516113098376347
et,Stop,1516113098386538
et,Stop,1516113098387078
et,Stop,1516113098387216
et,Stop,1516113098387613
st,Start,1516113103362382
st,Start,1516113103787870
et,Start,1516113103794735
et,Start,1516113103795198
et,Start,1516113103795684
et,Start,1516113103796202
et,Start,1516113103796328
st,Stop,1516113112587974
et,Stop,1516113112602454
et,Stop,1516113112626513
et,Stop,1516113112672220
et,Stop,1516113112672563
et,Stop,1516113112672702
st,Start,1516113118380199
st,Start,1516113118931705
et,Start,1516113118939701
et,Start,1516113118939885
et,Start,1516113118940285
et,Start,1516113118940418
et,Start,1516113118940600
st,Stop,1516113127851820
et,Stop,1516113127867397
et,Stop,1516113127885831
et,Stop,1516113127969606
et,Stop,1516113127970044
et,Stop,1516113127970413
st,Start,1516113131611836
st,Start,1516113132083675
et,Start,1516113132088058
et,Start,1516113132088439
et,Start,1516113132088627
et,Start,1516113132088972
et,Start,1516113132089321
st,Stop,1516113140363739
et,Stop,1516113140371566
et,Stop,1516113140371811
et,Stop,1516113140372275
et,Stop,1516113140377279
et,Stop,1516113140382505
st,Start,1516113144275847
st,Start,1516113144859646
et,Start,1516113144866969
et,Start,1516113144867169
et,Start,1516113144867459
et,Start,1516113144867804
et,Start,1516113144867935
st,Stop,1516113153611539
et,Stop,1516113153627593
et,Stop,1516113153637532
et,Stop,1516113153647634
et,Stop,1516113153647818
et,Stop,1516113153648128
st,Configure,1516113158635714
st,Unconfigure,1516113161395577
et,Unconfigure,1516113161400044
et,Unconfigure,1516113161400282
et,Unconfigure,1516113161400597
et,Unconfigure,1516113161400823
et,Unconfigure,1516113161401018
st,Configure,1516113167595915
et,Configure,1516113167605444
et,Configure,1516113167605634
et,Configure,1516113167605787
et,Configure,1516113167605944
et,Configure,1516113167606119
st,Unconfigure,1516113174675649
et,Unconfigure,1516113174675921
et,Unconfigure,1516113174686153
et,Unconfigure,1516113174687109
et,Unconfigure,1516113174687245
et,Unconfigure,1516113174687378
st,Configure,1516113178163852
et,Configure,1516113178168231
et,Configure,1516113178168372
et,Configure,1516113178168576
et,Configure,1516113178168739
et,Configure,1516113178169176
st,Start,1516113180955638
st,Start,1516113181331768
et,Start,1516113181333569
et,Start,1516113181333752
et,Start,1516113181334272
et,Start,1516113181334430
et,Start,1516113181334568
st,Stop,1516113185586425
et,Stop,1516113185603410
et,Stop,1516113185621340
et,Stop,1516113185711067
et,Stop,1516113185711186
et,Stop,1516113185711522
st,Start,1516113189619766
st,Start,1516113190035624
et,Start,1516113190039260
et,Start,1516113190039758
et,Start,1516113190040059
et,Start,1516113190040412
et,Start,1516113190040537
st,Pause,1516113195243385
et,Pause,1516113195250322
et,Pause,1516113195266153
et,Pause,1516113195290255
et,Pause,1516113195291510
et,Pause,1516113195292123
st,Resume,1516113199475375
et,Resume,1516113199481027
et,Resume,1516113199481204
et,Resume,1516113199481385
et,Resume,1516113199481648
et,Resume,1516113199481827
st,Pause,1516113206699385
et,Pause,1516113206710018
et,Pause,1516113206733340
et,Pause,1516113206789866
et,Pause,1516113206791520
et,Pause,1516113206792135
st,Resume,1516113210515434
et,Resume,1516113210519293
et,Resume,1516113210520027
et,Resume,1516113210520179
et,Resume,1516113210520393
et,Resume,1516113210520598
st,Stop,1516113217227233
et,Stop,1516113217240738
et,Stop,1516113217265746
et,Stop,1516113217289825
et,Stop,1516113217291510
et,Stop,1516113217292117
st,Start,1516113220387283
st,Start,1516113220843430
et,Start,1516113220845163
et,Start,1516113220845373
et,Start,1516113220845821
et,Start,1516113220845979
et,Start,1516113220846172
st,Stop,1516113227611250
et,Stop,1516113227624491
et,Stop,1516113227645900
et,Stop,1516113227722317
et,Stop,1516113227722651
et,Stop,1516113227722792
st,Unconfigure,1516113232371217
et,Unconfigure,1516113232373665
et,Unconfigure,1516113232373806
et,Unconfigure,1516113232373967
et,Unconfigure,1516113232374102
et,Unconfigure,1516113232374262
st,Configure,1516113241203400
et,Configure,1516113241204638
et,Configure,1516113241214845
et,Configure,1516113241215008
et,Configure,1516113241216763
et,Configure,1516113241216921
st,Start,1516113245259739
st,Start,1516113245587357
et,Start,1516113245588087
et,Start,1516113245598072
et,Start,1516113245598957
et,Start,1516113245600777
et,Start,1516113245600947
st,Stop,1516113251853126
et,Stop,1516113251870204
et,Stop,1516113251881054
et,Stop,1516113251978112
et,Stop,1516113251978410
et,Stop,1516113251978687
st,Start,1516113255755179
st,Start,1516113256099303
et,Start,1516113256102642
et,Start,1516113256102931
et,Start,1516113256103201
et,Start,1516113256103682
et,Start,1516113256103808
st,Stop,1516113263611134
et,Stop,1516113263629479
et,Stop,1516113263644335
et,Stop,1516113263730321
et,Stop,1516113263730903
et,Stop,1516113263731273
st,Unconfigure,1516113270363153
et,Unconfigure,1516113270367379
et,Unconfigure,1516113270367554
et,Unconfigure,1516113270367716
et,Unconfigure,1516113270367877
et,Unconfigure,1516113270368012
st,Configure,1516113274811110
et,Configure,1516113274814902
et,Configure,1516113274815092
et,Configure,1516113274815247
et,Configure,1516113274815437
et,Configure,1516113274815590
st,Start,1516113277859090
st,Start,1516113278179264
et,Start,1516113278184503
et,Start,1516113278184898
et,Start,1516113278185325
et,Start,1516113278185451
et,Start,1516113278186095
st,Pause,1516113283531015
et,Pause,1516113283542075
et,Pause,1516113283551869
et,Pause,1516113283565462
et,Pause,1516113283566220
et,Pause,1516113283566350
st,Resume,1516113287235185
et,Resume,1516113287242121
et,Resume,1516113287242832
et,Resume,1516113287242979
et,Resume,1516113287243159
et,Resume,1516113287243336
st,Stop,1516113292314978
et,Stop,1516113292329130
et,Stop,1516113292349077
et,Stop,1516113292436007
et,Stop,1516113292436335
et,Stop,1516113292437424
st,Unconfigure,1516113295979175
et,Unconfigure,1516113295979921
et,Unconfigure,1516113295980151
et,Unconfigure,1516113295991146
et,Unconfigure,1516113295991290
et,Unconfigure,1516113295991473
