st,Configure,1516007292408679
et,Configure,1516007292412469
et,Configure,1516007292417480
et,Configure,1516007292418099
et,Configure,1516007292419930
et,Configure,1516007292419939
st,Start,1516007292649532
et,Start,1516007293331457
et,Start,1516007293332077
et,Start,1516007293335532
et,Start,1516007293335659
et,Start,1516007293336782
st,Stop,1516007298573544
et,Stop,1516007298582860
et,Stop,1516007298586640
et,Stop,1516007298587452
et,Stop,1516007298592524
et,Stop,1516007300137838
st,Unconfigure,1516007301455600
et,Unconfigure,1516007301457251
et,Unconfigure,1516007301457364
et,Unconfigure,1516007301457402
et,Unconfigure,1516007301459605
et,Unconfigure,1516007301459865
st,Configure,1516007310100913
et,Configure,1516007310112948
et,Configure,1516007310112937
et,Configure,1516007310112935
et,Configure,1516007310113266
et,Configure,1516007310113337
st,Configure,1516007311885048
st,Start,1516007314415699
et,Start,1516007316026236
et,Start,1516007316026772
et,Start,1516007316026859
et,Start,1516007316026902
et,Start,1516007316027100
st,Pause,1516007319768876
et,Pause,1516007319777402
et,Pause,1516007319777682
et,Pause,1516007319777828
et,Pause,1516007319777812
et,Pause,1516007319783010
st,Resume,1516007327597876
et,Resume,1516007327606433
et,Resume,1516007327607378
et,Resume,1516007327607381
et,Resume,1516007327607482
et,Resume,1516007327607846
st,Pause,1516007336954995
et,Pause,1516007336965466
et,Pause,1516007336985707
et,Pause,1516007337027493
et,Pause,1516007337027681
et,Pause,1516007337027829
st,Resume,1516007341951902
et,Resume,1516007341953032
et,Resume,1516007341953173
et,Resume,1516007341954012
et,Resume,1516007341962580
et,Resume,1516007341954632
st,Pause,1516007350713070
et,Pause,1516007350720520
et,Pause,1516007350735676
et,Pause,1516007350777391
et,Pause,1516007350777672
et,Pause,1516007350777830
st,Start,1516007353590295
st,Stop,1516007356627258
st,Restart,1516007389149656
st,Resume,1516007399439681
et,Resume,1516007399440578
et,Resume,1516007399440600
et,Resume,1516007399440714
et,Resume,1516007399441116
et,Resume,1516007399441112
st,Stop,1516007427030889
et,Stop,1516007427043678
et,Stop,1516007427053756
et,Stop,1516007427152502
et,Stop,1516007427152793
et,Stop,1516007427152906
st,Unconfigure,1516007433289745
et,Unconfigure,1516007433293876
et,Unconfigure,1516007433296703
et,Unconfigure,1516007433296853
et,Unconfigure,1516007433296868
et,Unconfigure,1516007433297169
